2026-03-29 12:05:44.487 | INFO     | src.utils.databricks_client:__init__:32 - Databricks-Client initialisiert: https://dbc-440507f2-1163.cloud.databricks.com/
 | main.dqa_realestate
2026-03-29 12:05:44.488 | DEBUG    | src.utils.databricks_client:execute_sql:58 - SQL:
CREATE SCHEMA IF NOT EXISTS main.dqa_realestate
2026-03-29 12:05:45.094 | ERROR    | src.ingestion.gwr_fetcher:test_connection:168 - GWR API-Verbindung fehlgeschlagen: 404 Client Error:  for url: https://www.housing-stat.ch/regbl/api/ech0206/v2/buildings?limit=1
2026-03-29 15:47:06.539 | INFO     | src.utils.databricks_client:__init__:32 - Databricks-Client initialisiert: https://dbc-440507f2-1163.cloud.databricks.com/
 | main.dqa_realestate
2026-03-29 15:47:06.540 | DEBUG    | src.utils.databricks_client:execute_sql:58 - SQL:
CREATE SCHEMA IF NOT EXISTS main.dqa_realestate
2026-03-29 15:47:07.171 | ERROR    | src.ingestion.gwr_fetcher:test_connection:168 - GWR API-Verbindung fehlgeschlagen: 404 Client Error:  for url: https://www.housing-stat.ch/regbl/api/ech0206/v2/buildings?limit=1
2026-03-29 15:56:50.720 | INFO     | src.utils.databricks_client:__init__:32 - Databricks-Client initialisiert: https://dbc-440507f2-1163.cloud.databricks.com/
 | main.dqa_realestate
2026-03-29 15:56:50.720 | DEBUG    | src.utils.databricks_client:execute_sql:58 - SQL:
CREATE SCHEMA IF NOT EXISTS main.dqa_realestate
2026-03-29 15:56:51.350 | INFO     | src.ingestion.gwr_fetcher:test_connection:106 - GWR API OK — EGID 20: Loorenfeldstrasse 9, 8910 Affoltern am Albis
2026-03-29 15:58:40.129 | INFO     | src.utils.databricks_client:__init__:32 - Databricks-Client initialisiert: https://dbc-440507f2-1163.cloud.databricks.com/
 | main.dqa_realestate
2026-03-29 15:58:40.129 | DEBUG    | src.utils.databricks_client:execute_sql:58 - SQL:
CREATE SCHEMA IF NOT EXISTS main.dqa_realestate
2026-03-29 15:58:40.804 | INFO     | src.ingestion.gwr_fetcher:test_connection:106 - GWR API OK — EGID 20: Loorenfeldstrasse 9, 8910 Affoltern am Albis
2026-03-29 15:58:48.437 | INFO     | src.utils.databricks_client:__init__:32 - Databricks-Client initialisiert: https://dbc-440507f2-1163.cloud.databricks.com/
 | main.dqa_realestate
2026-03-29 15:58:48.437 | DEBUG    | src.utils.databricks_client:execute_sql:58 - SQL:
CREATE SCHEMA IF NOT EXISTS main.dqa_realestate
2026-03-29 15:58:49.103 | INFO     | src.ingestion.gwr_fetcher:test_connection:106 - GWR API OK — EGID 20: Loorenfeldstrasse 9, 8910 Affoltern am Albis
2026-03-29 15:59:41.067 | INFO     | src.utils.databricks_client:__init__:32 - Databricks-Client initialisiert: https://dbc-440507f2-1163.cloud.databricks.com/
 | main.dqa_realestate
2026-03-29 15:59:41.068 | DEBUG    | src.utils.databricks_client:execute_sql:58 - SQL:
CREATE SCHEMA IF NOT EXISTS main.dqa_realestate
2026-03-29 15:59:41.720 | INFO     | src.ingestion.gwr_fetcher:test_connection:106 - GWR API OK — EGID 20: Loorenfeldstrasse 9, 8910 Affoltern am Albis
2026-03-29 15:59:45.781 | INFO     | src.utils.databricks_client:__init__:32 - Databricks-Client initialisiert: https://dbc-440507f2-1163.cloud.databricks.com/
 | main.dqa_realestate
2026-03-29 15:59:45.782 | DEBUG    | src.utils.databricks_client:execute_sql:58 - SQL:
CREATE SCHEMA IF NOT EXISTS main.dqa_realestate
2026-03-29 15:59:46.434 | INFO     | src.ingestion.gwr_fetcher:test_connection:106 - GWR API OK — EGID 20: Loorenfeldstrasse 9, 8910 Affoltern am Albis
2026-03-29 16:03:48.228 | INFO     | src.utils.databricks_client:__init__:32 - Databricks-Client initialisiert: https://dbc-440507f2-1163.cloud.databricks.com/ | main.dqa_realestate
2026-03-29 16:03:48.229 | DEBUG    | src.utils.databricks_client:execute_sql:58 - SQL:
CREATE SCHEMA IF NOT EXISTS main.dqa_realestate
2026-03-29 16:03:48.904 | DEBUG    | src.utils.databricks_client:get_warehouse_id:49 - SQL Warehouse: f9476e8729ec9452
2026-03-29 16:04:06.117 | INFO     | src.ingestion.gwr_fetcher:test_connection:106 - GWR API OK — EGID 20: Loorenfeldstrasse 9, 8910 Affoltern am Albis
2026-03-29 16:04:33.814 | INFO     | src.utils.databricks_client:__init__:32 - Databricks-Client initialisiert: https://dbc-440507f2-1163.cloud.databricks.com/ | hive_metastore.dqa_realestate
2026-03-29 16:04:33.826 | DEBUG    | src.utils.databricks_client:execute_sql:58 - SQL:
CREATE SCHEMA IF NOT EXISTS hive_metastore.dqa_realestate
2026-03-29 16:04:34.307 | DEBUG    | src.utils.databricks_client:get_warehouse_id:49 - SQL Warehouse: f9476e8729ec9452
2026-03-29 16:04:35.201 | INFO     | src.ingestion.gwr_fetcher:test_connection:106 - GWR API OK — EGID 20: Loorenfeldstrasse 9, 8910 Affoltern am Albis
2026-03-29 16:05:25.534 | INFO     | src.utils.databricks_client:__init__:32 - Databricks-Client initialisiert: https://dbc-440507f2-1163.cloud.databricks.com/ | workspace.dqa_realestate
2026-03-29 16:05:25.535 | DEBUG    | src.utils.databricks_client:execute_sql:58 - SQL:
CREATE SCHEMA IF NOT EXISTS workspace.dqa_realestate
2026-03-29 16:05:25.991 | DEBUG    | src.utils.databricks_client:get_warehouse_id:49 - SQL Warehouse: f9476e8729ec9452
2026-03-29 16:05:31.958 | INFO     | src.utils.databricks_client:ensure_schema:87 - Schema sichergestellt: workspace.dqa_realestate
2026-03-29 16:05:32.204 | INFO     | src.ingestion.gwr_fetcher:test_connection:106 - GWR API OK — EGID 20: Loorenfeldstrasse 9, 8910 Affoltern am Albis
2026-03-29 16:07:25.426 | INFO     | src.pipeline.bronze:run_buildings_ingestion:48 - === Bronze Run gestartet | run_id=7a24f836 | full_load=False ===
2026-03-29 16:07:25.895 | INFO     | src.utils.databricks_client:__init__:32 - Databricks-Client initialisiert: https://dbc-440507f2-1163.cloud.databricks.com/ | workspace.dqa_realestate
2026-03-29 16:07:25.895 | INFO     | src.ingestion.gwr_incremental:get_last_run_date:54 - Watermark geladen: 2000-01-01
2026-03-29 16:07:25.895 | DEBUG    | src.utils.databricks_client:execute_sql:58 - SQL:
CREATE SCHEMA IF NOT EXISTS workspace.dqa_realestate
2026-03-29 16:07:26.336 | DEBUG    | src.utils.databricks_client:get_warehouse_id:49 - SQL Warehouse: f9476e8729ec9452
2026-03-29 16:07:27.307 | INFO     | src.utils.databricks_client:ensure_schema:87 - Schema sichergestellt: workspace.dqa_realestate
2026-03-29 16:07:27.307 | DEBUG    | src.utils.databricks_client:execute_sql:58 - SQL:

        CREATE TABLE IF NOT EXISTS
            workspace.dqa_realestate.bronze_gwr_buildings (
            -- Identifikatoren
            egid            BIGINT,
            egrid           STRING,
            -- Ort
            gdekt           STRING,
            ggdenr          INT,
            ggdename        STRING,
            strname         STRING,
            deinr           STRING,
            plz4            STRING,
            plzname         STRING,
            -- Status & Kategorie
            gstat           INT,
            gkat            INT,
            gklas           INT,
            -- Baujahr / Abbruch
            gbauj           INT,
            gbaum           INT,
            gbaup           INT,
            gabbj           INT,
            -- Masse
            garea           DOUBLE,
            gvol            DOUBLE,
            ganzwhg         INT,
            gazzi           INT,
            -- Koordinaten
            gkode           DOUBLE,
            gkodn           DOUBLE,
            -- Schutz
            gschutzr        INT,
            -- Datum
            gdatns          STRING,
            gdat            STRING,
            -- Ingestion-Metadaten
            _ingested_at    STRING,
            _ingestion_date STRING,
            _run_id         STRING,
            _batch_id       STRING,
            _source         STRING,
            _is_full_load   BOOLEAN
        )
        USING DELTA
        PARTITIONED BY (_ingestion_date)
        COMMENT 'Bronze: Rohe GWR-API-Responses, append-only'
        TBLPROPERTIES (
            'delta.autoOptimize.optimizeWrite' = 'true',
            'delta.autoOptimize.autoCompact'   = 'true'
        )
    
2026-03-29 16:08:06.280 | INFO     | src.ingestion.gwr_fetcher:fetch_buildings:95 - Fortschritt: EGID 100/500 | gefunden=100 | fehlend=0
2026-03-29 16:08:37.341 | INFO     | src.ingestion.gwr_fetcher:fetch_buildings:95 - Fortschritt: EGID 200/500 | gefunden=187 | fehlend=13
2026-03-29 16:09:08.547 | INFO     | src.ingestion.gwr_fetcher:fetch_buildings:95 - Fortschritt: EGID 300/500 | gefunden=281 | fehlend=19
2026-03-29 16:09:39.818 | INFO     | src.ingestion.gwr_fetcher:fetch_buildings:95 - Fortschritt: EGID 400/500 | gefunden=375 | fehlend=25
2026-03-29 16:10:10.904 | INFO     | src.ingestion.gwr_fetcher:fetch_buildings:95 - Fortschritt: EGID 500/500 | gefunden=468 | fehlend=32
2026-03-29 17:31:36.280 | INFO     | src.pipeline.bronze:run_buildings_ingestion:48 - === Bronze Run gestartet | run_id=39d4cfa6 | full_load=False ===
2026-03-29 17:31:36.818 | INFO     | src.utils.databricks_client:__init__:28 - Databricks-Client initialisiert: https://dbc-440507f2-1163.cloud.databricks.com/ | workspace.dqa_realestate
2026-03-29 17:31:36.819 | INFO     | src.ingestion.gwr_incremental:get_last_run_date:54 - Watermark geladen: 2000-01-01
2026-03-29 17:31:36.820 | DEBUG    | src.utils.databricks_client:execute_sql:44 - SQL:
CREATE SCHEMA IF NOT EXISTS workspace.dqa_realestate
2026-03-29 17:31:37.427 | DEBUG    | src.utils.databricks_client:get_warehouse_id:40 - SQL Warehouse: f9476e8729ec9452
2026-03-29 17:31:59.651 | INFO     | src.pipeline.bronze:run_buildings_ingestion:48 - === Bronze Run gestartet | run_id=68fb35c6 | full_load=False ===
2026-03-29 17:32:00.105 | INFO     | src.utils.databricks_client:__init__:28 - Databricks-Client initialisiert: https://dbc-440507f2-1163.cloud.databricks.com/ | workspace.dqa_realestate
2026-03-29 17:32:00.106 | INFO     | src.ingestion.gwr_incremental:get_last_run_date:54 - Watermark geladen: 2000-01-01
2026-03-29 17:32:00.106 | DEBUG    | src.utils.databricks_client:execute_sql:44 - SQL:
CREATE SCHEMA IF NOT EXISTS workspace.dqa_realestate
2026-03-29 17:32:00.562 | DEBUG    | src.utils.databricks_client:get_warehouse_id:40 - SQL Warehouse: f9476e8729ec9452
2026-03-29 17:32:23.317 | INFO     | src.utils.databricks_client:ensure_schema:67 - Schema sichergestellt: workspace.dqa_realestate
2026-03-29 17:32:23.317 | DEBUG    | src.utils.databricks_client:execute_sql:44 - SQL:

        CREATE TABLE IF NOT EXISTS
            workspace.dqa_realestate.bronze_gwr_buildings (
            -- Identifikatoren
            egid            BIGINT,
            egrid           STRING,
            -- Ort
            gdekt           STRING,
            ggdenr          INT,
            ggdename        STRING,
            strname         STRING,
            deinr           STRING,
            plz4            STRING,
            plzname         STRING,
            -- Status & Kategorie
            gstat           INT,
            gkat            INT,
            gklas           INT,
            -- Baujahr / Abbruch
            gbauj           INT,
            gbaum           INT,
            gbaup           INT,
            gabbj           INT,
            -- Masse
            garea           DOUBLE,
            gvol            DOUBLE,
            ganzwhg         INT,
            gazzi           INT,
            -- Koordinaten
            gkode           DOUBLE,
            gkodn           DOUBLE,
            -- Schutz
            gschutzr        INT,
            -- Datum
            gdatns          STRING,
            gdat            STRING,
            -- Ingestion-Metadaten
            _ingested_at    STRING,
            _ingestion_date STRING,
            _run_id         STRING,
            _batch_id       STRING,
            _source         STRING,
            _is_full_load   BOOLEAN
        )
        USING DELTA
        PARTITIONED BY (_ingestion_date)
        COMMENT 'Bronze: Rohe GWR-API-Responses, append-only'
        TBLPROPERTIES (
            'delta.autoOptimize.optimizeWrite' = 'true',
            'delta.autoOptimize.autoCompact'   = 'true'
        )
    
2026-03-29 17:32:58.936 | INFO     | src.ingestion.gwr_fetcher:fetch_buildings:95 - Fortschritt: EGID 100/500 | gefunden=100 | fehlend=0
2026-03-29 17:33:29.579 | INFO     | src.ingestion.gwr_fetcher:fetch_buildings:95 - Fortschritt: EGID 200/500 | gefunden=187 | fehlend=13
2026-03-29 17:34:00.465 | INFO     | src.ingestion.gwr_fetcher:fetch_buildings:95 - Fortschritt: EGID 300/500 | gefunden=281 | fehlend=19
2026-03-29 17:34:31.206 | INFO     | src.ingestion.gwr_fetcher:fetch_buildings:95 - Fortschritt: EGID 400/500 | gefunden=375 | fehlend=25
2026-03-29 17:35:01.808 | INFO     | src.ingestion.gwr_fetcher:fetch_buildings:95 - Fortschritt: EGID 500/500 | gefunden=468 | fehlend=32
2026-03-29 17:35:02.010 | DEBUG    | src.utils.databricks_client:execute_sql:44 - SQL:
INSERT INTO workspace.dqa_realestate.bronze_gwr_buildings (egid, egrid, ggdenr, ggdename, gdekt, strname, deinr, plz4, plzname, gstat, gkat, gklas, gbauj, gbaup, garea, ganzwhg, gkode, gkodn, gdat, gdatns, _ingested_at, _ingestion_date, _run_id, _batch_id, _source, _is_full_load) VALUES (1, 'CH418983287761', 2, 'Affoltern am Albis', 'ZH', 'Grossholzerstrasse', '20', '8910', 'Affoltern am Albis', 1004, 1040, 1271, 1984, 8016, 1500.0, 2, 2676523.0, 1235843.0, '2025-09-12', '2001-11-29', '2026-03-29T17:31:59.651048+00:00', '2026-03-29', '68fb35c6', '68fb35c6_0000', 'gwr_api', false),
(2, NULL, 2, 'Affoltern am Albis', 'ZH', 'Im Feld', '1', '8910', 'Affoltern am Albis', 1007, 1020, 1110, 1977, 8015, NULL, 1, 2676541.16, 1235979.043, '2019-11-05', '2001-11-29', '2026-03-29T17:31:59.651048+00:00', '2026-03-29', '68fb35c6', '68fb35c6_0000', 'gwr_api', false),
(3, 'CH648928778986', 2, 'Affoltern am Albis', 'ZH', 'Im Feld', '2', '8910', 'Affoltern am Albis', 1004, 1020, 1110, '<NA>', 8015, 132.0, 1, 2676524.002, 1236012.212, '2026-03-16', '2001-11-29', '2026-03-29T17:31:59.651048+00:00', '2026-03-29', '68fb35c6', '68fb35c6_0000', 'gwr_api', false),
(4, 'CH792877808968', 2, 'Affoltern am Albis', 'ZH', 'Im Feld', '3', '8910', 'Affoltern am Albis', 1004, 1020, 1110, 1978, 8015, 125.0, 1, 2676512.712, 1235974.383, '2025-12-11', '2001-11-29', '2026-03-29T17:31:59.651048+00:00', '2026-03-29', '68fb35c6', '68fb35c6_0000', 'gwr_api', false),
(5, 'CH632877898976', 2, 'Affoltern am Albis', 'ZH', 'Im Feld', '4', '8910', 'Affoltern am Albis', 1004, 1020, 1110, 1978, 8015, 94.0, 1, 2676502.104, 1236014.389, '2022-07-25', '2001-11-29', '2026-03-29T17:31:59.651048+00:00', '2026-03-29', '68fb35c6', '68fb35c6_0000', 'gwr_api', false),
(6, 'CH788028897744', 2, 'Affoltern am Albis', 'ZH', 'Im Feld', '5', '8910', 'Affoltern am Albis', 1004, 1020, 1110, 1978, 8015, 158.0, 1, 2676487.05, 1235974.052, '2025-12-10', '2001-11-29', '2026-03-29T17:31:59.651048+00:00', '2026-03-29', '68fb35c6', '68fb35c6_0000', 'gwr_api', false),
(7, 'CH627789288973', 2, 'Affoltern am Albis', 'ZH', 'Im Feld', '6', '8910', 'Affoltern am Albis', 1004, 1020, 1110, '<NA>', 8015, 76.0, 1, 2676483.039, 1236014.469, '2026-02-20', '2001-11-29', '2026-03-29T17:31:59.651048+00:00', '2026-03-29', '68fb35c6', '68fb35c6_0000', 'gwr_api', false),
(8, 'CH778977802802', 2, 'Affoltern am Albis', 'ZH', 'Im Feld', '7', '8910', 'Affoltern am Albis', 1004, 1020, 1110, 1978, 8015, 155.0, 1, 2676461.803, 1235973.58, '2022-06-03', '2001-11-29', '2026-03-29T17:31:59.651048+00:00', '2026-03-29', '68fb35c6', '68fb35c6_0000', 'gwr_api', false),
(9, 'CH618989287736', 2, 'Affoltern am Albis', 'ZH', 'Im Feld', '8', '8910', 'Affoltern am Albis', 1004, 1020, 1110, 1977, 8015, 83.0, 1, 2676463.628, 1236014.106, '2025-06-06', '2001-11-29', '2026-03-29T17:31:59.651048+00:00', '2026-03-29', '68fb35c6', '68fb35c6_0000', 'gwr_api', false),
(10, 'CH667728898918', 2, 'Affoltern am Albis', 'ZH', 'Im Feld', '9', '8910', 'Affoltern am Albis', 1004, 1020, 1110, 1978, 8015, 77.0, 1, 2676440.038, 1235973.538, '2021-03-15', '2001-11-29', '2026-03-29T17:31:59.651048+00:00', '2026-03-29', '68fb35c6', '68fb35c6_0000', 'gwr_api', false),
(11, 'CH607789892816', 2, 'Affoltern am Albis', 'ZH', 'Im Feld', '10', '8910', 'Affoltern am Albis', 1004, 1020, 1110, 1978, 8015, 76.0, 1, 2676445.514, 1236014.615, '2021-03-15', '2001-11-29', '2026-03-29T17:31:59.651048+00:00', '2026-03-29', '68fb35c6', '68fb35c6_0000', 'gwr_api', false),
(12, 'CH888028897710', 2, 'Affoltern am Albis', 'ZH', 'Im Feld', '12', '8910', 'Affoltern am Albis', 1004, 1020, 1110, 1978, 8015, 76.0, 1, 2676426.52, 1236014.698, '2021-03-15', '2001-11-29', '2026-03-29T17:31:59.651048+00:00', '2026-03-29', '68fb35c6', '68fb35c6_0000', 'gwr_api', false),
(13, 'CH492877978922', 2, 'Affoltern am Albis', 'ZH', 'Im Feld', '13', '8910', 'Affoltern am Albis', 1004, 1020, 1122, 1860, 8011, 71.0, 8, 2676414.413, 1235982.488, '2021-03-15', '2001-11-29', '2026-03-29T17:31:59.651048+00:00', '2026-03-29', '68fb35c6', '68fb35c6_0000', 'gwr_api', false),
(14, 'CH878977802865', 2, 'Affoltern am Albis', 'ZH', 'Im Feld', '14', '8910', 'Affoltern am Albis', 1004, 1020, 1110, 1978, 8015, 76.0, 1, 2676407.433, 1236014.773, '2025-12-11', '2001-11-29', '2026-03-29T17:31:59.651048+00:00', '2026-03-29', '68fb35c6', '68fb35c6_0000', 'gwr_api', false),
(15, 'CH792877838959', 2, 'Affoltern am Albis', 'ZH', 'Im Feld', '16', '8910', 'Affoltern am Albis', 1004, 1020, 1122, 1984, 8016, 283.0, 4, 2676384.471, 1236007.636, '2021-03-15', '2001-11-29', '2026-03-29T17:31:59.651048+00:00', '2026-03-29', '68fb35c6', '68fb35c6_0000', 'gwr_api', false),
(16, 'CH378977812838', 2, 'Affoltern am Albis', 'ZH', 'Loorenfeldstrasse', '1', '8910', 'Affoltern am Albis', 1004, 1020, 1110, 1981, 8016, 91.0, 1, 2676500.16, 1236038.224, '2021-03-15', '2001-11-29', '2026-03-29T17:31:59.651048+00:00', '2026-03-29', '68fb35c6', '68fb35c6_0000', 'gwr_api', false),
(17, 'CH658128778927', 2, 'Affoltern am Albis', 'ZH', 'Loorenfeldstrasse', '3', '8910', 'Affoltern am Albis', 1004, 1020, 1110, 1981, 8016, 97.0, 1, 2676479.926, 1236038.216, '2025-12-11', '2001-11-29', '2026-03-29T17:31:59.651048+00:00', '2026-03-29', '68fb35c6', '68fb35c6_0000', 'gwr_api', false),
(18, 'CH648928778194', 2, 'Affoltern am Albis', 'ZH', 'Loorenfeldstrasse', '5', '8910', 'Affoltern am Albis', 1004, 1020, 1110, 1981, 8016, 97.0, 1, 2676460.156, 1236038.284, '2021-03-15', '2001-11-29', '2026-03-29T17:31:59.651048+00:00', '2026-03-29', '68fb35c6', '68fb35c6_0000', 'gwr_api', false),
(19, 'CH632877898184', 2, 'Affoltern am Albis', 'ZH', 'Loorenfeldstrasse', '7', '8910', 'Affoltern am Albis', 1004, 1020, 1110, 1981, 8016, 97.0, 1, 2676439.313, 1236038.399, '2025-12-11', '2001-11-29', '2026-03-29T17:31:59.651048+00:00', '2026-03-29', '68fb35c6', '68fb35c6_0000', 'gwr_api', false),
(20, 'CH627781288948', 2, 'Affoltern am Albis', 'ZH', 'Loorenfeldstrasse', '9', '8910', 'Affoltern am Albis', 1004, 1020, 1110, 1981, 8016, 100.0, 1, 2676418.734, 1236038.458, '2021-03-15', '2001-11-29', '2026-03-29T17:31:59.651048+00:00', '2026-03-29', '68fb35c6', '68fb35c6_0000', 'gwr_api', false),
(21, 'CH792877828962', 2, 'Affoltern am Albis', 'ZH', 'Loorenfeldstrasse', '11', '8910', 'Affoltern am Albis', 1004, 1020, 1110, 1981, 8016, 96.0, 1, 2676394.462, 1236034.926, '2021-03-15', '2001-11-29', '2026-03-29T17:31:59.651048+00:00', '2026-03-29', '68fb35c6', '68fb35c6_0000', 'gwr_api', false),
(22, 'CH192877938939', 2, 'Affoltern am Albis', 'ZH', 'Loorenfeldstrasse', '12', '8910', 'Affoltern am Albis', 1004, 1020, 1122, 1982, 8016, 207.0, 6, 2676410.94, 1236074.632, '2025-12-10', '2001-11-29', '2026-03-29T17:31:59.651048+00:00', '2026-03-29', '68fb35c6', '68fb35c6_0000', 'gwr_api', false),
(23, 'CH778977792805', 2, 'Affoltern am Albis', 'ZH', 'Grossholzerstrasse', '15', '8910', 'Affoltern am Albis', 1004, 1020, 1110, 1944, 8012, 75.0, 1, 2676554.577, 1236043.523, '2025-12-11', '2001-11-29', '2026-03-29T17:31:59.651048+00:00', '2026-03-29', '68fb35c6', '68fb35c6_0000', 'gwr_api', false),
(24, 'CH787928897771', 2, 'Affoltern am Albis', 'ZH', 'Grossholzerstrasse', '17', '8910', 'Affoltern am Albis', 1004, 1020, 1110, 1944, 8012, 98.0, 1, 2676560.67, 1236017.727, '2021-03-15', '2001-11-29', '2026-03-29T17:31:59.651048+00:00', '2026-03-29', '68fb35c6', '68fb35c6_0000', 'gwr_api', false),
(25, 'CH832877897918', 2, 'Affoltern am Albis', 'ZH', 'Grossholzerstrasse', '19', '8910', 'Affoltern am Albis', 1004, 1020, 1110, 1944, 8012, 135.0, 1, 2676570.199, 1235983.672, '2021-03-15', '2001-11-29', '2026-03-29T17:31:59.651048+00:00', '2026-03-29', '68fb35c6', '68fb35c6_0000', 'gwr_api', false),
(26, 'CH792877798971', 2, 'Affoltern am Albis', 'ZH', 'Ringstrasse', '1', '8910', 'Affoltern am Albis', 1004, 1020, 1110, 1944, 8012, 101.0, 1, 2676576.127, 1236017.844, '2021-03-15', '2001-11-29', '2026-03-29T17:31:59.651048+00:00', '2026-03-29', '68fb35c6', '68fb35c6_0000', 'gwr_api', false),
(27, 'CH827779288995', 2, 'Affoltern am Albis', 'ZH', 'Ringstrasse', '2', '8910', 'Affoltern am Albis', 1004, 1020, 1110, 1944, 8012, 76.0, 1, 2676582.226, 1235981.64, '2022-12-22', '2001-11-29', '2026-03-29T17:31:59.651048+00:00', '2026-03-29', '68fb35c6', '68fb35c6_0000', 'gwr_api', false),
(28, 'CH707789792812', 2, 'Affoltern am Albis', 'ZH', 'Ringstrasse', '3', '8910', 'Affoltern am Albis', 1004, 1020, 1110, 1944, 8012, 103.0, 1, 2676600.358, 1236018.001, '2021-03-15', '2001-11-29', '2026-03-29T17:31:59.651048+00:00', '2026-03-29', '68fb35c6', '68fb35c6_0000', 'gwr_api', false),
(29, 'CH818979287758', 2, 'Affoltern am Albis', 'ZH', 'Ringstrasse', '4', '8910', 'Affoltern am Albis', 1004, 1020, 1110, 1944, 8012, 75.0, 1, 2676620.053, 1235982.054, '2025-12-11', '2001-11-29', '2026-03-29T17:31:59.651048+00:00', '2026-03-29', '68fb35c6', '68fb35c6_0000', 'gwr_api', false),
(30, 'CH718979287792', 2, 'Affoltern am Albis', 'ZH', 'Ringstrasse', '5', '8910', 'Affoltern am Albis', 1004, 1020, 1110, 1944, 8012, 86.0, 1, 2676611.164, 1236016.008, '2025-12-11', '2001-11-29', '2026-03-29T17:31:59.651048+00:00', '2026-03-29', '68fb35c6', '68fb35c6_0000', 'gwr_api', false),
(31, 'CH807789792875', 2, 'Affoltern am Albis', 'ZH', 'Ringstrasse', '6', '8910', 'Affoltern am Albis', 1004, 1020, 1110, 1944, 8012, 74.0, 1, 2676625.491, 1235982.107, '2021-03-15', '2001-11-29', '2026-03-29T17:31:59.651048+00:00', '2026-03-29', '68fb35c6', '68fb35c6_0000', 'gwr_api', false),
(32, 'CH727779288932', 2, 'Affoltern am Albis', 'ZH', 'Ringstrasse', '7', '8910', 'Affoltern am Albis', 1004, 1020, 1110, 1944, 8012, 85.0, 1, 2676652.705, 1236016.392, '2025-10-31', '2001-11-29', '2026-03-29T17:31:59.651048+00:00', '2026-03-29', '68fb35c6', '68fb35c6_0000', 'gwr_api', false),
(33, 'CH892877798937', 2, 'Affoltern am Albis', 'ZH', 'Ringstrasse', '8', '8910', 'Affoltern am Albis', 1004, 1020, 1110, 1944, 8012, 75.0, 1, 2676664.618, 1235982.41, '2025-12-11', '2001-11-29', '2026-03-29T17:31:59.651048+00:00', '2026-03-29', '68fb35c6', '68fb35c6_0000', 'gwr_api', false),
(34, 'CH732877897952', 2, 'Affoltern am Albis', 'ZH', 'Ringstrasse', '9', '8910', 'Affoltern am Albis', 1004, 1020, 1110, '<NA>', 8012, 76.0, 1, 2676660.045, 1236017.038, '2026-01-19', '2001-11-29', '2026-03-29T17:31:59.651048+00:00', '2026-03-29', '68fb35c6', '68fb35c6_0000', 'gwr_api', false),
(35, 'CH887928897737', 2, 'Affoltern am Albis', 'ZH', 'Ringstrasse', '10', '8910', 'Affoltern am Albis', 1004, 1020, 1110, 1944, 8012, 75.0, 1, 2676670.062, 1235982.47, '2025-12-11', '2001-11-29', '2026-03-29T17:31:59.651048+00:00', '2026-03-29', '68fb35c6', '68fb35c6_0000', 'gwr_api', false),
(36, 'CH748928777962', 2, 'Affoltern am Albis', 'ZH', 'Ringstrasse', '11', '8910', 'Affoltern am Albis', 1004, 1020, 1110, 1944, 8012, 75.0, 1, 2676699.757, 1236016.757, '2021-03-15', '2001-11-29', '2026-03-29T17:31:59.651048+00:00', '2026-03-29', '68fb35c6', '68fb35c6_0000', 'gwr_api', false),
(37, 'CH878977792868', 2, 'Affoltern am Albis', 'ZH', 'Ringstrasse', '12', '8910', 'Affoltern am Albis', 1004, 1020, 1110, 1944, 8012, 77.0, 1, 2676708.556, 1235982.871, '2025-12-11', '2001-11-29', '2026-03-29T17:31:59.651048+00:00', '2026-03-29', '68fb35c6', '68fb35c6_0000', 'gwr_api', false),
(38, 'CH757928778947', 2, 'Affoltern am Albis', 'ZH', 'Ringstrasse', '13', '8910', 'Affoltern am Albis', 1004, 1020, 1110, 1944, 8012, 75.0, 1, 2676705.253, 1236016.797, '2021-10-04', '2001-11-29', '2026-03-29T17:31:59.651048+00:00', '2026-03-29', '68fb35c6', '68fb35c6_0000', 'gwr_api', false),
(39, 'CH767728897991', 2, 'Affoltern am Albis', 'ZH', 'Ringstrasse', '14', '8910', 'Affoltern am Albis', 1004, 1020, 1110, 1944, 8012, 77.0, 1, 2676714.031, 1235982.915, '2023-05-12', '2001-11-29', '2026-03-29T17:31:59.651048+00:00', '2026-03-29', '68fb35c6', '68fb35c6_0000', 'gwr_api', false),
(40, 'CH667728897829', 2, 'Affoltern am Albis', 'ZH', 'Loorenstrasse', '2', '8910', 'Affoltern am Albis', 1004, 1020, 1110, 1944, 8012, 75.0, 1, 2676560.044, 1236043.568, '2024-10-28', '2001-11-29', '2026-03-29T17:31:59.651048+00:00', '2026-03-29', '68fb35c6', '68fb35c6_0000', 'gwr_api', false),
(41, 'CH657828778911', 2, 'Affoltern am Albis', 'ZH', 'Loorenstrasse', '4', '8910', 'Affoltern am Albis', 1004, 1020, 1110, 1944, 8012, 76.0, 1, 2676602.397, 1236043.926, '2021-03-15', '2001-11-29', '2026-03-29T17:31:59.651048+00:00', '2026-03-29', '68fb35c6', '68fb35c6_0000', 'gwr_api', false),
(42, 'CH648928777897', 2, 'Affoltern am Albis', 'ZH', 'Loorenstrasse', '6', '8910', 'Affoltern am Albis', 1004, 1020, 1110, 1944, 8012, 76.0, 1, 2676607.839, 1236043.984, '2021-03-15', '2001-11-29', '2026-03-29T17:31:59.651048+00:00', '2026-03-29', '68fb35c6', '68fb35c6_0000', 'gwr_api', false),
(43, 'CH632877897887', 2, 'Affoltern am Albis', 'ZH', 'Loorenstrasse', '8', '8910', 'Affoltern am Albis', 1004, 1020, 1110, 1944, 8012, 74.0, 1, 2676650.201, 1236044.322, '2025-12-10', '2001-11-29', '2026-03-29T17:31:59.651048+00:00', '2026-03-29', '68fb35c6', '68fb35c6_0000', 'gwr_api', false),
(44, 'CH627778288975', 2, 'Affoltern am Albis', 'ZH', 'Loorenstrasse', '10', '8910', 'Affoltern am Albis', 1004, 1020, 1110, 1944, 8012, 75.0, 1, 2676655.671, 1236044.364, '2025-12-10', '2001-11-29', '2026-03-29T17:31:59.651048+00:00', '2026-03-29', '68fb35c6', '68fb35c6_0000', 'gwr_api', false),
(45, 'CH618978287738', 2, 'Affoltern am Albis', 'ZH', 'Loorenstrasse', '12', '8910', 'Affoltern am Albis', 1004, 1020, 1110, 1944, 8012, 75.0, 1, 2676698.028, 1236044.692, '2021-03-15', '2001-11-29', '2026-03-29T17:31:59.651048+00:00', '2026-03-29', '68fb35c6', '68fb35c6_0000', 'gwr_api', false),
(46, 'CH607789782849', 2, 'Affoltern am Albis', 'ZH', 'Loorenstrasse', '14', '8910', 'Affoltern am Albis', 1004, 1020, 1110, 1944, 8012, 75.0, 1, 2676703.52, 1236044.742, '2021-03-15', '2001-11-29', '2026-03-29T17:31:59.651048+00:00', '2026-03-29', '68fb35c6', '68fb35c6_0000', 'gwr_api', false),
(47, 'CH767728898981', 2, 'Affoltern am Albis', 'ZH', 'Hasenbühlstrasse', '20', '8910', 'Affoltern am Albis', 1004, 1020, 1110, 1974, 8015, 71.0, 1, 2676753.931, 1236066.666, '2025-12-02', '2001-11-29', '2026-03-29T17:31:59.651048+00:00', '2026-03-29', '68fb35c6', '68fb35c6_0000', 'gwr_api', false),
(48, 'CH878977892838', 2, 'Affoltern am Albis', 'ZH', 'Hasenbühlstrasse', '22', '8910', 'Affoltern am Albis', 1004, 1020, 1110, 1974, 8015, 70.0, 1, 2676755.522, 1236060.306, '2025-12-02', '2001-11-29', '2026-03-29T17:31:59.651048+00:00', '2026-03-29', '68fb35c6', '68fb35c6_0000', 'gwr_api', false),
(49, 'CH888928897758', 2, 'Affoltern am Albis', 'ZH', 'Hasenbühlstrasse', '24', '8910', 'Affoltern am Albis', 1004, 1020, 1110, 1974, 8015, 70.0, 1, 2676757.072, 1236053.996, '2025-12-02', '2001-11-29', '2026-03-29T17:31:59.651048+00:00', '2026-03-29', '68fb35c6', '68fb35c6_0000', 'gwr_api', false),
(50, 'CH892877898907', 2, 'Affoltern am Albis', 'ZH', 'Hasenbühlstrasse', '26', '8910', 'Affoltern am Albis', 1004, 1020, 1110, 1974, 8015, 70.0, 1, 2676758.618, 1236047.685, '2025-12-02', '2001-11-29', '2026-03-29T17:31:59.651048+00:00', '2026-03-29', '68fb35c6', '68fb35c6_0000', 'gwr_api', false)
2026-03-29 17:37:04.735 | INFO     | src.utils.databricks_client:__init__:28 - Databricks-Client initialisiert: https://dbc-440507f2-1163.cloud.databricks.com/ | workspace.dqa_realestate
2026-03-29 17:37:04.735 | DEBUG    | src.utils.databricks_client:execute_sql:44 - SQL:

        SELECT
            COUNT(*)                        AS total_buildings,
            COUNT(DISTINCT gdekt)           AS kantone,
            COUNT(DISTINCT ggdenr)          AS gemeinden,
            SUM(CASE WHEN gstat = 4 THEN 1 ELSE 0 END) AS bestehende,
            SUM(CASE WHEN gstat = 3 THEN 1 ELSE 0 END) AS im_bau,
            SUM(CASE WHEN gstat = 1 THEN 1 ELSE 0 END) AS geplant,
            MIN(gdat)                       AS oldest_mutation,
            MAX(gdat)                       AS latest_mutation
        FROM workspace.dqa_realestate.gold_gwr_current
    
2026-03-29 17:37:05.181 | DEBUG    | src.utils.databricks_client:get_warehouse_id:40 - SQL Warehouse: f9476e8729ec9452
2026-03-29 17:37:42.630 | INFO     | src.utils.databricks_client:__init__:28 - Databricks-Client initialisiert: https://dbc-440507f2-1163.cloud.databricks.com/ | workspace.dqa_realestate
2026-03-29 17:37:42.630 | INFO     | src.pipeline.silver_scd2:run_silver_processing:57 - === Silver SCD2 Verarbeitung gestartet ===
2026-03-29 17:37:42.630 | DEBUG    | src.utils.databricks_client:execute_sql:44 - SQL:

        CREATE TABLE IF NOT EXISTS
            workspace.dqa_realestate.silver_gwr_buildings (
            egid            BIGINT      NOT NULL,
            egrid           STRING,
            gdekt           STRING,
            ggdenr          INT,
            ggdename        STRING,
            strname         STRING,
            deinr           STRING,
            plz4            STRING,
            plzname         STRING,
            gstat           INT,
            gkat            INT,
            gklas           INT,
            gbauj           INT,
            gbaum           INT,
            gbaup           INT,
            gabbj           INT,
            garea           DOUBLE,
            gvol            DOUBLE,
            ganzwhg         INT,
            gazzi           INT,
            gkode           DOUBLE,
            gkodn           DOUBLE,
            gschutzr        INT,
            gdatns          STRING,
            gdat            STRING,
            -- SCD2 Felder
            valid_from      TIMESTAMP   NOT NULL,
            valid_to        TIMESTAMP   NOT NULL,
            is_current      BOOLEAN     NOT NULL,
            record_hash     STRING      NOT NULL,
            dqa_deleted     BOOLEAN     NOT NULL DEFAULT false,
            _silver_loaded  TIMESTAMP   NOT NULL
        )
        USING DELTA
        COMMENT 'Silver: Historisierte GWR-Gebäudedaten (SCD Type 2)'
        TBLPROPERTIES (
            'delta.autoOptimize.optimizeWrite' = 'true',
            'delta.autoOptimize.autoCompact'   = 'true',
            'delta.enableChangeDataFeed'       = 'true'
        )
    
2026-03-29 17:37:43.126 | DEBUG    | src.utils.databricks_client:get_warehouse_id:40 - SQL Warehouse: f9476e8729ec9452
2026-03-29 17:37:48.623 | INFO     | src.utils.databricks_client:__init__:28 - Databricks-Client initialisiert: https://dbc-440507f2-1163.cloud.databricks.com/ | workspace.dqa_realestate
2026-03-29 17:37:48.625 | DEBUG    | src.utils.databricks_client:execute_sql:44 - SQL:
CREATE SCHEMA IF NOT EXISTS workspace.dqa_realestate
2026-03-29 17:37:49.073 | DEBUG    | src.utils.databricks_client:get_warehouse_id:40 - SQL Warehouse: f9476e8729ec9452
2026-03-29 17:37:49.728 | INFO     | src.utils.databricks_client:ensure_schema:67 - Schema sichergestellt: workspace.dqa_realestate
2026-03-29 17:37:49.729 | DEBUG    | src.utils.databricks_client:execute_sql:44 - SQL:

            CREATE OR REPLACE VIEW
                workspace.dqa_realestate.gold_gwr_current
            AS
            
        -- Aktuell gültige Gebäude (Basis für DQA-Checks)
        SELECT
            egid,
            egrid,
            gdekt,
            ggdenr,
            ggdename,
            strname,
            deinr,
            plz4,
            plzname,
            gstat,
            CASE gstat
                WHEN 1 THEN 'Geplant'
                WHEN 2 THEN 'Bewilligt'
                WHEN 3 THEN 'Im Bau'
                WHEN 4 THEN 'Bestehend'
                WHEN 6 THEN 'Nicht nutzbar'
                WHEN 7 THEN 'Abgebrochen'
                WHEN 8 THEN 'Nicht realisiert'
                ELSE    'Unbekannt'
            END                         AS gstat_label,
            gkat,
            gklas,
            gbauj,
            gbaup,
            gabbj,
            garea,
            gvol,
            ganzwhg,
            gazzi,
            gkode,
            gkodn,
            gschutzr,
            gdatns,
            gdat                        AS last_mutation_date,
            valid_from,
            record_hash,
            _silver_loaded
        FROM workspace.dqa_realestate.silver_gwr_buildings
        WHERE is_current = true
          AND dqa_deleted = false
    
        
2026-03-29 17:37:52.643 | INFO     | src.utils.databricks_client:__init__:28 - Databricks-Client initialisiert: https://dbc-440507f2-1163.cloud.databricks.com/ | workspace.dqa_realestate
2026-03-29 17:37:52.644 | DEBUG    | src.utils.databricks_client:execute_sql:44 - SQL:

        SELECT
            COUNT(*)                        AS total_buildings,
            COUNT(DISTINCT gdekt)           AS kantone,
            COUNT(DISTINCT ggdenr)          AS gemeinden,
            SUM(CASE WHEN gstat = 4 THEN 1 ELSE 0 END) AS bestehende,
            SUM(CASE WHEN gstat = 3 THEN 1 ELSE 0 END) AS im_bau,
            SUM(CASE WHEN gstat = 1 THEN 1 ELSE 0 END) AS geplant,
            MIN(gdat)                       AS oldest_mutation,
            MAX(gdat)                       AS latest_mutation
        FROM workspace.dqa_realestate.gold_gwr_current
    
2026-03-29 17:37:53.114 | DEBUG    | src.utils.databricks_client:get_warehouse_id:40 - SQL Warehouse: f9476e8729ec9452
2026-03-29 17:38:08.568 | INFO     | src.utils.databricks_client:__init__:28 - Databricks-Client initialisiert: https://dbc-440507f2-1163.cloud.databricks.com/ | workspace.dqa_realestate
2026-03-29 17:38:08.569 | INFO     | src.pipeline.silver_scd2:run_silver_processing:57 - === Silver SCD2 Verarbeitung gestartet ===
2026-03-29 17:38:08.569 | DEBUG    | src.utils.databricks_client:execute_sql:44 - SQL:

        CREATE TABLE IF NOT EXISTS
            workspace.dqa_realestate.silver_gwr_buildings (
            egid            BIGINT      NOT NULL,
            egrid           STRING,
            gdekt           STRING,
            ggdenr          INT,
            ggdename        STRING,
            strname         STRING,
            deinr           STRING,
            plz4            STRING,
            plzname         STRING,
            gstat           INT,
            gkat            INT,
            gklas           INT,
            gbauj           INT,
            gbaum           INT,
            gbaup           INT,
            gabbj           INT,
            garea           DOUBLE,
            gvol            DOUBLE,
            ganzwhg         INT,
            gazzi           INT,
            gkode           DOUBLE,
            gkodn           DOUBLE,
            gschutzr        INT,
            gdatns          STRING,
            gdat            STRING,
            -- SCD2 Felder
            valid_from      TIMESTAMP   NOT NULL,
            valid_to        TIMESTAMP   NOT NULL,
            is_current      BOOLEAN     NOT NULL,
            record_hash     STRING      NOT NULL,
            dqa_deleted     BOOLEAN     NOT NULL DEFAULT false,
            _silver_loaded  TIMESTAMP   NOT NULL
        )
        USING DELTA
        COMMENT 'Silver: Historisierte GWR-Gebäudedaten (SCD Type 2)'
        TBLPROPERTIES (
            'delta.autoOptimize.optimizeWrite' = 'true',
            'delta.autoOptimize.autoCompact'   = 'true',
            'delta.enableChangeDataFeed'       = 'true'
        )
    
2026-03-29 17:38:09.018 | DEBUG    | src.utils.databricks_client:get_warehouse_id:40 - SQL Warehouse: f9476e8729ec9452
2026-03-29 17:38:38.027 | INFO     | src.utils.databricks_client:__init__:28 - Databricks-Client initialisiert: https://dbc-440507f2-1163.cloud.databricks.com/ | workspace.dqa_realestate
2026-03-29 17:38:38.027 | INFO     | src.pipeline.silver_scd2:run_silver_processing:57 - === Silver SCD2 Verarbeitung gestartet ===
2026-03-29 17:38:38.027 | DEBUG    | src.utils.databricks_client:execute_sql:44 - SQL:

        CREATE TABLE IF NOT EXISTS
            workspace.dqa_realestate.silver_gwr_buildings (
            egid            BIGINT      NOT NULL,
            egrid           STRING,
            gdekt           STRING,
            ggdenr          INT,
            ggdename        STRING,
            strname         STRING,
            deinr           STRING,
            plz4            STRING,
            plzname         STRING,
            gstat           INT,
            gkat            INT,
            gklas           INT,
            gbauj           INT,
            gbaum           INT,
            gbaup           INT,
            gabbj           INT,
            garea           DOUBLE,
            gvol            DOUBLE,
            ganzwhg         INT,
            gazzi           INT,
            gkode           DOUBLE,
            gkodn           DOUBLE,
            gschutzr        INT,
            gdatns          STRING,
            gdat            STRING,
            -- SCD2 Felder
            valid_from      TIMESTAMP   NOT NULL,
            valid_to        TIMESTAMP   NOT NULL,
            is_current      BOOLEAN     NOT NULL,
            record_hash     STRING      NOT NULL,
            dqa_deleted     BOOLEAN     NOT NULL,
            _silver_loaded  TIMESTAMP   NOT NULL
        )
        USING DELTA
        COMMENT 'Silver: Historisierte GWR-Gebäudedaten (SCD Type 2)'
        TBLPROPERTIES (
            'delta.autoOptimize.optimizeWrite' = 'true',
            'delta.autoOptimize.autoCompact'   = 'true',
            'delta.enableChangeDataFeed'       = 'true'
        )
    
2026-03-29 17:38:38.471 | DEBUG    | src.utils.databricks_client:get_warehouse_id:40 - SQL Warehouse: f9476e8729ec9452
2026-03-29 17:38:41.315 | DEBUG    | src.pipeline.silver_scd2:_ensure_silver_table:129 - Silver-Tabelle bereit: silver_gwr_buildings
2026-03-29 17:38:41.315 | DEBUG    | src.utils.databricks_client:execute_sql:44 - SQL:

        CREATE OR REPLACE TABLE
            workspace.dqa_realestate._staging_gwr_20260329_173838
        USING DELTA
        AS
        WITH ranked AS (
            SELECT *,
                SHA2(COALESCE(CAST(gstat AS STRING), '') || '|' || COALESCE(CAST(gkat AS STRING), '') || '|' || COALESCE(CAST(gklas AS STRING), '') || '|' || COALESCE(CAST(gbauj AS STRING), '') || '|' || COALESCE(CAST(gbaum AS STRING), '') || '|' || COALESCE(CAST(gbaup AS STRING), '') || '|' || COALESCE(CAST(gabbj AS STRING), '') || '|' || COALESCE(CAST(garea AS STRING), '') || '|' || COALESCE(CAST(gvol AS STRING), '') || '|' || COALESCE(CAST(ganzwhg AS STRING), '') || '|' || COALESCE(CAST(gazzi AS STRING), '') || '|' || COALESCE(CAST(gschutzr AS STRING), '') || '|' || COALESCE(CAST(gdekt AS STRING), '') || '|' || COALESCE(CAST(ggdenr AS STRING), '') || '|' || COALESCE(CAST(ggdename AS STRING), '') || '|' || COALESCE(CAST(strname AS STRING), '') || '|' || COALESCE(CAST(deinr AS STRING), '') || '|' || COALESCE(CAST(plz4 AS STRING), '') || '|' || COALESCE(CAST(plzname AS STRING), '') || '|' || COALESCE(CAST(gkode AS STRING), '') || '|' || COALESCE(CAST(gkodn AS STRING), ''), 256) AS record_hash,
                ROW_NUMBER() OVER (
                    PARTITION BY egid
                    ORDER BY _ingested_at DESC
                ) AS rn
            FROM workspace.dqa_realestate.bronze_gwr_buildings
            WHERE egid IS NOT NULL
              
        )
        SELECT * EXCEPT (rn)
        FROM ranked
        WHERE rn = 1
    
2026-03-29 17:38:48.388 | DEBUG    | src.pipeline.silver_scd2:_build_staging:168 - Staging erstellt: _staging_gwr_20260329_173838
2026-03-29 17:38:48.388 | DEBUG    | src.utils.databricks_client:execute_sql:44 - SQL:

        UPDATE workspace.dqa_realestate.silver_gwr_buildings AS silver
        SET
            valid_to       = TIMESTAMP '2026-03-29T17:38:38.027558+00:00',
            is_current     = false,
            _silver_loaded = TIMESTAMP '2026-03-29T17:38:38.027558+00:00'
        WHERE silver.is_current = true
          AND silver.dqa_deleted = false
          AND EXISTS (
              SELECT 1
              FROM workspace.dqa_realestate._staging_gwr_20260329_173838 AS stg
              WHERE stg.egid = silver.egid
                AND stg.record_hash != silver.record_hash
          )
    
2026-03-29 17:38:51.999 | DEBUG    | src.utils.databricks_client:execute_sql:44 - SQL:

        INSERT INTO workspace.dqa_realestate.silver_gwr_buildings
        SELECT
            stg.egid,
            stg.egrid,
            stg.gdekt,
            stg.ggdenr,
            stg.ggdename,
            stg.strname,
            stg.deinr,
            stg.plz4,
            stg.plzname,
            stg.gstat,
            stg.gkat,
            stg.gklas,
            stg.gbauj,
            stg.gbaum,
            stg.gbaup,
            stg.gabbj,
            stg.garea,
            stg.gvol,
            stg.ganzwhg,
            stg.gazzi,
            stg.gkode,
            stg.gkodn,
            stg.gschutzr,
            stg.gdatns,
            stg.gdat,
            TIMESTAMP '2026-03-29T17:38:38.027558+00:00'        AS valid_from,
            TIMESTAMP '9999-12-31T23:59:59'     AS valid_to,
            true                         AS is_current,
            stg.record_hash,
            false                        AS dqa_deleted,
            TIMESTAMP '2026-03-29T17:38:38.027558+00:00'        AS _silver_loaded
        FROM workspace.dqa_realestate._staging_gwr_20260329_173838 AS stg
        WHERE
            -- Neues Gebäude: noch nicht in Silver
            NOT EXISTS (
                SELECT 1 FROM workspace.dqa_realestate.silver_gwr_buildings s
                WHERE s.egid = stg.egid AND s.is_current = true
            )
            -- ODER: bestehendes Gebäude mit geändertem Hash (wurde in Phase 1 geschlossen)
            OR EXISTS (
                SELECT 1 FROM workspace.dqa_realestate.silver_gwr_buildings s
                WHERE s.egid = stg.egid
                  AND s.is_current = false
                  AND s.valid_to = TIMESTAMP '2026-03-29T17:38:38.027558+00:00'
            )
    
2026-03-29 17:38:55.599 | DEBUG    | src.utils.databricks_client:execute_sql:44 - SQL:

        UPDATE workspace.dqa_realestate.silver_gwr_buildings AS silver
        SET
            dqa_deleted    = true,
            valid_to       = TIMESTAMP '2026-03-29T17:38:38.027558+00:00',
            is_current     = false,
            _silver_loaded = TIMESTAMP '2026-03-29T17:38:38.027558+00:00'
        WHERE silver.is_current = true
          AND silver.dqa_deleted = false
          AND NOT EXISTS (
              SELECT 1
              FROM workspace.dqa_realestate._staging_gwr_20260329_173838 AS stg
              WHERE stg.egid = silver.egid
          )
    
2026-03-29 17:38:58.679 | DEBUG    | src.utils.databricks_client:execute_sql:44 - SQL:
DROP TABLE IF EXISTS workspace.dqa_realestate._staging_gwr_20260329_173838
2026-03-29 17:38:59.542 | INFO     | src.pipeline.silver_scd2:run_silver_processing:76 - === Silver SCD2 abgeschlossen | {'records_closed': 0, 'records_inserted': 0, 'records_deleted': 0, 'elapsed_s': 21.5} ===
2026-03-29 17:42:26.619 | INFO     | src.pipeline.bronze:run_buildings_ingestion:48 - === Bronze Run gestartet | run_id=018b7027 | full_load=False ===
2026-03-29 17:42:27.068 | INFO     | src.utils.databricks_client:__init__:28 - Databricks-Client initialisiert: https://dbc-440507f2-1163.cloud.databricks.com/ | workspace.dqa_realestate
2026-03-29 17:42:27.068 | INFO     | src.ingestion.gwr_incremental:get_last_run_date:54 - Watermark geladen: 2000-01-01
2026-03-29 17:42:27.068 | DEBUG    | src.utils.databricks_client:execute_sql:44 - SQL:
CREATE SCHEMA IF NOT EXISTS workspace.dqa_realestate
2026-03-29 17:42:27.516 | DEBUG    | src.utils.databricks_client:get_warehouse_id:40 - SQL Warehouse: f9476e8729ec9452
2026-03-29 17:42:28.111 | INFO     | src.utils.databricks_client:ensure_schema:67 - Schema sichergestellt: workspace.dqa_realestate
2026-03-29 17:42:28.111 | DEBUG    | src.utils.databricks_client:execute_sql:44 - SQL:

        CREATE TABLE IF NOT EXISTS
            workspace.dqa_realestate.bronze_gwr_buildings (
            -- Identifikatoren
            egid            BIGINT,
            egrid           STRING,
            -- Ort
            gdekt           STRING,
            ggdenr          INT,
            ggdename        STRING,
            strname         STRING,
            deinr           STRING,
            plz4            STRING,
            plzname         STRING,
            -- Status & Kategorie
            gstat           INT,
            gkat            INT,
            gklas           INT,
            -- Baujahr / Abbruch
            gbauj           INT,
            gbaum           INT,
            gbaup           INT,
            gabbj           INT,
            -- Masse
            garea           DOUBLE,
            gvol            DOUBLE,
            ganzwhg         INT,
            gazzi           INT,
            -- Koordinaten
            gkode           DOUBLE,
            gkodn           DOUBLE,
            -- Schutz
            gschutzr        INT,
            -- Datum
            gdatns          STRING,
            gdat            STRING,
            -- Ingestion-Metadaten
            _ingested_at    STRING,
            _ingestion_date STRING,
            _run_id         STRING,
            _batch_id       STRING,
            _source         STRING,
            _is_full_load   BOOLEAN
        )
        USING DELTA
        PARTITIONED BY (_ingestion_date)
        COMMENT 'Bronze: Rohe GWR-API-Responses, append-only'
        TBLPROPERTIES (
            'delta.autoOptimize.optimizeWrite' = 'true',
            'delta.autoOptimize.autoCompact'   = 'true'
        )
    
2026-03-29 17:43:00.138 | INFO     | src.ingestion.gwr_fetcher:fetch_buildings:95 - Fortschritt: EGID 100/500 | gefunden=100 | fehlend=0
2026-03-29 17:43:30.771 | INFO     | src.ingestion.gwr_fetcher:fetch_buildings:95 - Fortschritt: EGID 200/500 | gefunden=187 | fehlend=13
2026-03-29 17:44:01.474 | INFO     | src.ingestion.gwr_fetcher:fetch_buildings:95 - Fortschritt: EGID 300/500 | gefunden=281 | fehlend=19
2026-03-29 17:44:32.077 | INFO     | src.ingestion.gwr_fetcher:fetch_buildings:95 - Fortschritt: EGID 400/500 | gefunden=375 | fehlend=25
2026-03-29 17:45:02.911 | INFO     | src.ingestion.gwr_fetcher:fetch_buildings:95 - Fortschritt: EGID 500/500 | gefunden=468 | fehlend=32
2026-03-29 17:45:02.922 | DEBUG    | src.utils.databricks_client:execute_sql:44 - SQL:
INSERT INTO workspace.dqa_realestate.bronze_gwr_buildings (egid, egrid, ggdenr, ggdename, gdekt, strname, deinr, plz4, plzname, gstat, gkat, gklas, gbauj, gbaup, garea, ganzwhg, gkode, gkodn, gdat, gdatns, _ingested_at, _ingestion_date, _run_id, _batch_id, _source, _is_full_load) VALUES (1, 'CH418983287761', 2, 'Affoltern am Albis', 'ZH', 'Grossholzerstrasse', '20', '8910', 'Affoltern am Albis', 1004, 1040, 1271, 1984, 8016, 1500.0, 2, 2676523.0, 1235843.0, '2025-09-12', '2001-11-29', '2026-03-29T17:42:26.619084+00:00', '2026-03-29', '018b7027', '018b7027_0000', 'gwr_api', false),
(2, NULL, 2, 'Affoltern am Albis', 'ZH', 'Im Feld', '1', '8910', 'Affoltern am Albis', 1007, 1020, 1110, 1977, 8015, NULL, 1, 2676541.16, 1235979.043, '2019-11-05', '2001-11-29', '2026-03-29T17:42:26.619084+00:00', '2026-03-29', '018b7027', '018b7027_0000', 'gwr_api', false),
(3, 'CH648928778986', 2, 'Affoltern am Albis', 'ZH', 'Im Feld', '2', '8910', 'Affoltern am Albis', 1004, 1020, 1110, NULL, 8015, 132.0, 1, 2676524.002, 1236012.212, '2026-03-16', '2001-11-29', '2026-03-29T17:42:26.619084+00:00', '2026-03-29', '018b7027', '018b7027_0000', 'gwr_api', false),
(4, 'CH792877808968', 2, 'Affoltern am Albis', 'ZH', 'Im Feld', '3', '8910', 'Affoltern am Albis', 1004, 1020, 1110, 1978, 8015, 125.0, 1, 2676512.712, 1235974.383, '2025-12-11', '2001-11-29', '2026-03-29T17:42:26.619084+00:00', '2026-03-29', '018b7027', '018b7027_0000', 'gwr_api', false),
(5, 'CH632877898976', 2, 'Affoltern am Albis', 'ZH', 'Im Feld', '4', '8910', 'Affoltern am Albis', 1004, 1020, 1110, 1978, 8015, 94.0, 1, 2676502.104, 1236014.389, '2022-07-25', '2001-11-29', '2026-03-29T17:42:26.619084+00:00', '2026-03-29', '018b7027', '018b7027_0000', 'gwr_api', false),
(6, 'CH788028897744', 2, 'Affoltern am Albis', 'ZH', 'Im Feld', '5', '8910', 'Affoltern am Albis', 1004, 1020, 1110, 1978, 8015, 158.0, 1, 2676487.05, 1235974.052, '2025-12-10', '2001-11-29', '2026-03-29T17:42:26.619084+00:00', '2026-03-29', '018b7027', '018b7027_0000', 'gwr_api', false),
(7, 'CH627789288973', 2, 'Affoltern am Albis', 'ZH', 'Im Feld', '6', '8910', 'Affoltern am Albis', 1004, 1020, 1110, NULL, 8015, 76.0, 1, 2676483.039, 1236014.469, '2026-02-20', '2001-11-29', '2026-03-29T17:42:26.619084+00:00', '2026-03-29', '018b7027', '018b7027_0000', 'gwr_api', false),
(8, 'CH778977802802', 2, 'Affoltern am Albis', 'ZH', 'Im Feld', '7', '8910', 'Affoltern am Albis', 1004, 1020, 1110, 1978, 8015, 155.0, 1, 2676461.803, 1235973.58, '2022-06-03', '2001-11-29', '2026-03-29T17:42:26.619084+00:00', '2026-03-29', '018b7027', '018b7027_0000', 'gwr_api', false),
(9, 'CH618989287736', 2, 'Affoltern am Albis', 'ZH', 'Im Feld', '8', '8910', 'Affoltern am Albis', 1004, 1020, 1110, 1977, 8015, 83.0, 1, 2676463.628, 1236014.106, '2025-06-06', '2001-11-29', '2026-03-29T17:42:26.619084+00:00', '2026-03-29', '018b7027', '018b7027_0000', 'gwr_api', false),
(10, 'CH667728898918', 2, 'Affoltern am Albis', 'ZH', 'Im Feld', '9', '8910', 'Affoltern am Albis', 1004, 1020, 1110, 1978, 8015, 77.0, 1, 2676440.038, 1235973.538, '2021-03-15', '2001-11-29', '2026-03-29T17:42:26.619084+00:00', '2026-03-29', '018b7027', '018b7027_0000', 'gwr_api', false),
(11, 'CH607789892816', 2, 'Affoltern am Albis', 'ZH', 'Im Feld', '10', '8910', 'Affoltern am Albis', 1004, 1020, 1110, 1978, 8015, 76.0, 1, 2676445.514, 1236014.615, '2021-03-15', '2001-11-29', '2026-03-29T17:42:26.619084+00:00', '2026-03-29', '018b7027', '018b7027_0000', 'gwr_api', false),
(12, 'CH888028897710', 2, 'Affoltern am Albis', 'ZH', 'Im Feld', '12', '8910', 'Affoltern am Albis', 1004, 1020, 1110, 1978, 8015, 76.0, 1, 2676426.52, 1236014.698, '2021-03-15', '2001-11-29', '2026-03-29T17:42:26.619084+00:00', '2026-03-29', '018b7027', '018b7027_0000', 'gwr_api', false),
(13, 'CH492877978922', 2, 'Affoltern am Albis', 'ZH', 'Im Feld', '13', '8910', 'Affoltern am Albis', 1004, 1020, 1122, 1860, 8011, 71.0, 8, 2676414.413, 1235982.488, '2021-03-15', '2001-11-29', '2026-03-29T17:42:26.619084+00:00', '2026-03-29', '018b7027', '018b7027_0000', 'gwr_api', false),
(14, 'CH878977802865', 2, 'Affoltern am Albis', 'ZH', 'Im Feld', '14', '8910', 'Affoltern am Albis', 1004, 1020, 1110, 1978, 8015, 76.0, 1, 2676407.433, 1236014.773, '2025-12-11', '2001-11-29', '2026-03-29T17:42:26.619084+00:00', '2026-03-29', '018b7027', '018b7027_0000', 'gwr_api', false),
(15, 'CH792877838959', 2, 'Affoltern am Albis', 'ZH', 'Im Feld', '16', '8910', 'Affoltern am Albis', 1004, 1020, 1122, 1984, 8016, 283.0, 4, 2676384.471, 1236007.636, '2021-03-15', '2001-11-29', '2026-03-29T17:42:26.619084+00:00', '2026-03-29', '018b7027', '018b7027_0000', 'gwr_api', false),
(16, 'CH378977812838', 2, 'Affoltern am Albis', 'ZH', 'Loorenfeldstrasse', '1', '8910', 'Affoltern am Albis', 1004, 1020, 1110, 1981, 8016, 91.0, 1, 2676500.16, 1236038.224, '2021-03-15', '2001-11-29', '2026-03-29T17:42:26.619084+00:00', '2026-03-29', '018b7027', '018b7027_0000', 'gwr_api', false),
(17, 'CH658128778927', 2, 'Affoltern am Albis', 'ZH', 'Loorenfeldstrasse', '3', '8910', 'Affoltern am Albis', 1004, 1020, 1110, 1981, 8016, 97.0, 1, 2676479.926, 1236038.216, '2025-12-11', '2001-11-29', '2026-03-29T17:42:26.619084+00:00', '2026-03-29', '018b7027', '018b7027_0000', 'gwr_api', false),
(18, 'CH648928778194', 2, 'Affoltern am Albis', 'ZH', 'Loorenfeldstrasse', '5', '8910', 'Affoltern am Albis', 1004, 1020, 1110, 1981, 8016, 97.0, 1, 2676460.156, 1236038.284, '2021-03-15', '2001-11-29', '2026-03-29T17:42:26.619084+00:00', '2026-03-29', '018b7027', '018b7027_0000', 'gwr_api', false),
(19, 'CH632877898184', 2, 'Affoltern am Albis', 'ZH', 'Loorenfeldstrasse', '7', '8910', 'Affoltern am Albis', 1004, 1020, 1110, 1981, 8016, 97.0, 1, 2676439.313, 1236038.399, '2025-12-11', '2001-11-29', '2026-03-29T17:42:26.619084+00:00', '2026-03-29', '018b7027', '018b7027_0000', 'gwr_api', false),
(20, 'CH627781288948', 2, 'Affoltern am Albis', 'ZH', 'Loorenfeldstrasse', '9', '8910', 'Affoltern am Albis', 1004, 1020, 1110, 1981, 8016, 100.0, 1, 2676418.734, 1236038.458, '2021-03-15', '2001-11-29', '2026-03-29T17:42:26.619084+00:00', '2026-03-29', '018b7027', '018b7027_0000', 'gwr_api', false),
(21, 'CH792877828962', 2, 'Affoltern am Albis', 'ZH', 'Loorenfeldstrasse', '11', '8910', 'Affoltern am Albis', 1004, 1020, 1110, 1981, 8016, 96.0, 1, 2676394.462, 1236034.926, '2021-03-15', '2001-11-29', '2026-03-29T17:42:26.619084+00:00', '2026-03-29', '018b7027', '018b7027_0000', 'gwr_api', false),
(22, 'CH192877938939', 2, 'Affoltern am Albis', 'ZH', 'Loorenfeldstrasse', '12', '8910', 'Affoltern am Albis', 1004, 1020, 1122, 1982, 8016, 207.0, 6, 2676410.94, 1236074.632, '2025-12-10', '2001-11-29', '2026-03-29T17:42:26.619084+00:00', '2026-03-29', '018b7027', '018b7027_0000', 'gwr_api', false),
(23, 'CH778977792805', 2, 'Affoltern am Albis', 'ZH', 'Grossholzerstrasse', '15', '8910', 'Affoltern am Albis', 1004, 1020, 1110, 1944, 8012, 75.0, 1, 2676554.577, 1236043.523, '2025-12-11', '2001-11-29', '2026-03-29T17:42:26.619084+00:00', '2026-03-29', '018b7027', '018b7027_0000', 'gwr_api', false),
(24, 'CH787928897771', 2, 'Affoltern am Albis', 'ZH', 'Grossholzerstrasse', '17', '8910', 'Affoltern am Albis', 1004, 1020, 1110, 1944, 8012, 98.0, 1, 2676560.67, 1236017.727, '2021-03-15', '2001-11-29', '2026-03-29T17:42:26.619084+00:00', '2026-03-29', '018b7027', '018b7027_0000', 'gwr_api', false),
(25, 'CH832877897918', 2, 'Affoltern am Albis', 'ZH', 'Grossholzerstrasse', '19', '8910', 'Affoltern am Albis', 1004, 1020, 1110, 1944, 8012, 135.0, 1, 2676570.199, 1235983.672, '2021-03-15', '2001-11-29', '2026-03-29T17:42:26.619084+00:00', '2026-03-29', '018b7027', '018b7027_0000', 'gwr_api', false),
(26, 'CH792877798971', 2, 'Affoltern am Albis', 'ZH', 'Ringstrasse', '1', '8910', 'Affoltern am Albis', 1004, 1020, 1110, 1944, 8012, 101.0, 1, 2676576.127, 1236017.844, '2021-03-15', '2001-11-29', '2026-03-29T17:42:26.619084+00:00', '2026-03-29', '018b7027', '018b7027_0000', 'gwr_api', false),
(27, 'CH827779288995', 2, 'Affoltern am Albis', 'ZH', 'Ringstrasse', '2', '8910', 'Affoltern am Albis', 1004, 1020, 1110, 1944, 8012, 76.0, 1, 2676582.226, 1235981.64, '2022-12-22', '2001-11-29', '2026-03-29T17:42:26.619084+00:00', '2026-03-29', '018b7027', '018b7027_0000', 'gwr_api', false),
(28, 'CH707789792812', 2, 'Affoltern am Albis', 'ZH', 'Ringstrasse', '3', '8910', 'Affoltern am Albis', 1004, 1020, 1110, 1944, 8012, 103.0, 1, 2676600.358, 1236018.001, '2021-03-15', '2001-11-29', '2026-03-29T17:42:26.619084+00:00', '2026-03-29', '018b7027', '018b7027_0000', 'gwr_api', false),
(29, 'CH818979287758', 2, 'Affoltern am Albis', 'ZH', 'Ringstrasse', '4', '8910', 'Affoltern am Albis', 1004, 1020, 1110, 1944, 8012, 75.0, 1, 2676620.053, 1235982.054, '2025-12-11', '2001-11-29', '2026-03-29T17:42:26.619084+00:00', '2026-03-29', '018b7027', '018b7027_0000', 'gwr_api', false),
(30, 'CH718979287792', 2, 'Affoltern am Albis', 'ZH', 'Ringstrasse', '5', '8910', 'Affoltern am Albis', 1004, 1020, 1110, 1944, 8012, 86.0, 1, 2676611.164, 1236016.008, '2025-12-11', '2001-11-29', '2026-03-29T17:42:26.619084+00:00', '2026-03-29', '018b7027', '018b7027_0000', 'gwr_api', false),
(31, 'CH807789792875', 2, 'Affoltern am Albis', 'ZH', 'Ringstrasse', '6', '8910', 'Affoltern am Albis', 1004, 1020, 1110, 1944, 8012, 74.0, 1, 2676625.491, 1235982.107, '2021-03-15', '2001-11-29', '2026-03-29T17:42:26.619084+00:00', '2026-03-29', '018b7027', '018b7027_0000', 'gwr_api', false),
(32, 'CH727779288932', 2, 'Affoltern am Albis', 'ZH', 'Ringstrasse', '7', '8910', 'Affoltern am Albis', 1004, 1020, 1110, 1944, 8012, 85.0, 1, 2676652.705, 1236016.392, '2025-10-31', '2001-11-29', '2026-03-29T17:42:26.619084+00:00', '2026-03-29', '018b7027', '018b7027_0000', 'gwr_api', false),
(33, 'CH892877798937', 2, 'Affoltern am Albis', 'ZH', 'Ringstrasse', '8', '8910', 'Affoltern am Albis', 1004, 1020, 1110, 1944, 8012, 75.0, 1, 2676664.618, 1235982.41, '2025-12-11', '2001-11-29', '2026-03-29T17:42:26.619084+00:00', '2026-03-29', '018b7027', '018b7027_0000', 'gwr_api', false),
(34, 'CH732877897952', 2, 'Affoltern am Albis', 'ZH', 'Ringstrasse', '9', '8910', 'Affoltern am Albis', 1004, 1020, 1110, NULL, 8012, 76.0, 1, 2676660.045, 1236017.038, '2026-01-19', '2001-11-29', '2026-03-29T17:42:26.619084+00:00', '2026-03-29', '018b7027', '018b7027_0000', 'gwr_api', false),
(35, 'CH887928897737', 2, 'Affoltern am Albis', 'ZH', 'Ringstrasse', '10', '8910', 'Affoltern am Albis', 1004, 1020, 1110, 1944, 8012, 75.0, 1, 2676670.062, 1235982.47, '2025-12-11', '2001-11-29', '2026-03-29T17:42:26.619084+00:00', '2026-03-29', '018b7027', '018b7027_0000', 'gwr_api', false),
(36, 'CH748928777962', 2, 'Affoltern am Albis', 'ZH', 'Ringstrasse', '11', '8910', 'Affoltern am Albis', 1004, 1020, 1110, 1944, 8012, 75.0, 1, 2676699.757, 1236016.757, '2021-03-15', '2001-11-29', '2026-03-29T17:42:26.619084+00:00', '2026-03-29', '018b7027', '018b7027_0000', 'gwr_api', false),
(37, 'CH878977792868', 2, 'Affoltern am Albis', 'ZH', 'Ringstrasse', '12', '8910', 'Affoltern am Albis', 1004, 1020, 1110, 1944, 8012, 77.0, 1, 2676708.556, 1235982.871, '2025-12-11', '2001-11-29', '2026-03-29T17:42:26.619084+00:00', '2026-03-29', '018b7027', '018b7027_0000', 'gwr_api', false),
(38, 'CH757928778947', 2, 'Affoltern am Albis', 'ZH', 'Ringstrasse', '13', '8910', 'Affoltern am Albis', 1004, 1020, 1110, 1944, 8012, 75.0, 1, 2676705.253, 1236016.797, '2021-10-04', '2001-11-29', '2026-03-29T17:42:26.619084+00:00', '2026-03-29', '018b7027', '018b7027_0000', 'gwr_api', false),
(39, 'CH767728897991', 2, 'Affoltern am Albis', 'ZH', 'Ringstrasse', '14', '8910', 'Affoltern am Albis', 1004, 1020, 1110, 1944, 8012, 77.0, 1, 2676714.031, 1235982.915, '2023-05-12', '2001-11-29', '2026-03-29T17:42:26.619084+00:00', '2026-03-29', '018b7027', '018b7027_0000', 'gwr_api', false),
(40, 'CH667728897829', 2, 'Affoltern am Albis', 'ZH', 'Loorenstrasse', '2', '8910', 'Affoltern am Albis', 1004, 1020, 1110, 1944, 8012, 75.0, 1, 2676560.044, 1236043.568, '2024-10-28', '2001-11-29', '2026-03-29T17:42:26.619084+00:00', '2026-03-29', '018b7027', '018b7027_0000', 'gwr_api', false),
(41, 'CH657828778911', 2, 'Affoltern am Albis', 'ZH', 'Loorenstrasse', '4', '8910', 'Affoltern am Albis', 1004, 1020, 1110, 1944, 8012, 76.0, 1, 2676602.397, 1236043.926, '2021-03-15', '2001-11-29', '2026-03-29T17:42:26.619084+00:00', '2026-03-29', '018b7027', '018b7027_0000', 'gwr_api', false),
(42, 'CH648928777897', 2, 'Affoltern am Albis', 'ZH', 'Loorenstrasse', '6', '8910', 'Affoltern am Albis', 1004, 1020, 1110, 1944, 8012, 76.0, 1, 2676607.839, 1236043.984, '2021-03-15', '2001-11-29', '2026-03-29T17:42:26.619084+00:00', '2026-03-29', '018b7027', '018b7027_0000', 'gwr_api', false),
(43, 'CH632877897887', 2, 'Affoltern am Albis', 'ZH', 'Loorenstrasse', '8', '8910', 'Affoltern am Albis', 1004, 1020, 1110, 1944, 8012, 74.0, 1, 2676650.201, 1236044.322, '2025-12-10', '2001-11-29', '2026-03-29T17:42:26.619084+00:00', '2026-03-29', '018b7027', '018b7027_0000', 'gwr_api', false),
(44, 'CH627778288975', 2, 'Affoltern am Albis', 'ZH', 'Loorenstrasse', '10', '8910', 'Affoltern am Albis', 1004, 1020, 1110, 1944, 8012, 75.0, 1, 2676655.671, 1236044.364, '2025-12-10', '2001-11-29', '2026-03-29T17:42:26.619084+00:00', '2026-03-29', '018b7027', '018b7027_0000', 'gwr_api', false),
(45, 'CH618978287738', 2, 'Affoltern am Albis', 'ZH', 'Loorenstrasse', '12', '8910', 'Affoltern am Albis', 1004, 1020, 1110, 1944, 8012, 75.0, 1, 2676698.028, 1236044.692, '2021-03-15', '2001-11-29', '2026-03-29T17:42:26.619084+00:00', '2026-03-29', '018b7027', '018b7027_0000', 'gwr_api', false),
(46, 'CH607789782849', 2, 'Affoltern am Albis', 'ZH', 'Loorenstrasse', '14', '8910', 'Affoltern am Albis', 1004, 1020, 1110, 1944, 8012, 75.0, 1, 2676703.52, 1236044.742, '2021-03-15', '2001-11-29', '2026-03-29T17:42:26.619084+00:00', '2026-03-29', '018b7027', '018b7027_0000', 'gwr_api', false),
(47, 'CH767728898981', 2, 'Affoltern am Albis', 'ZH', 'Hasenbühlstrasse', '20', '8910', 'Affoltern am Albis', 1004, 1020, 1110, 1974, 8015, 71.0, 1, 2676753.931, 1236066.666, '2025-12-02', '2001-11-29', '2026-03-29T17:42:26.619084+00:00', '2026-03-29', '018b7027', '018b7027_0000', 'gwr_api', false),
(48, 'CH878977892838', 2, 'Affoltern am Albis', 'ZH', 'Hasenbühlstrasse', '22', '8910', 'Affoltern am Albis', 1004, 1020, 1110, 1974, 8015, 70.0, 1, 2676755.522, 1236060.306, '2025-12-02', '2001-11-29', '2026-03-29T17:42:26.619084+00:00', '2026-03-29', '018b7027', '018b7027_0000', 'gwr_api', false),
(49, 'CH888928897758', 2, 'Affoltern am Albis', 'ZH', 'Hasenbühlstrasse', '24', '8910', 'Affoltern am Albis', 1004, 1020, 1110, 1974, 8015, 70.0, 1, 2676757.072, 1236053.996, '2025-12-02', '2001-11-29', '2026-03-29T17:42:26.619084+00:00', '2026-03-29', '018b7027', '018b7027_0000', 'gwr_api', false),
(50, 'CH892877898907', 2, 'Affoltern am Albis', 'ZH', 'Hasenbühlstrasse', '26', '8910', 'Affoltern am Albis', 1004, 1020, 1110, 1974, 8015, 70.0, 1, 2676758.618, 1236047.685, '2025-12-02', '2001-11-29', '2026-03-29T17:42:26.619084+00:00', '2026-03-29', '018b7027', '018b7027_0000', 'gwr_api', false)
2026-03-29 17:45:06.434 | DEBUG    | src.utils.databricks_client:execute_sql:44 - SQL:
INSERT INTO workspace.dqa_realestate.bronze_gwr_buildings (egid, egrid, ggdenr, ggdename, gdekt, strname, deinr, plz4, plzname, gstat, gkat, gklas, gbauj, gbaup, garea, ganzwhg, gkode, gkodn, gdat, gdatns, _ingested_at, _ingestion_date, _run_id, _batch_id, _source, _is_full_load) VALUES (51, 'CH807789892845', 2, 'Affoltern am Albis', 'ZH', 'Hasenbühlstrasse', '28', '8910', 'Affoltern am Albis', 1004, 1020, 1110, 1974, 8015, 69.0, 1, 2676760.149, 1236041.388, '2025-12-02', '2001-11-29', '2026-03-29T17:42:26.619084+00:00', '2026-03-29', '018b7027', '018b7027_0000', 'gwr_api', false),
(52, 'CH818989287765', 2, 'Affoltern am Albis', 'ZH', 'Hasenbühlstrasse', '30', '8910', 'Affoltern am Albis', 1004, 1020, 1110, 1974, 8015, 71.0, 1, 2676765.781, 1236037.846, '2025-12-02', '2001-11-29', '2026-03-29T17:42:26.619084+00:00', '2026-03-29', '018b7027', '018b7027_0000', 'gwr_api', false),
(53, 'CH907789892811', 2, 'Affoltern am Albis', 'ZH', 'Hasenbühlstrasse', '32', '8910', 'Affoltern am Albis', 1004, 1020, 1110, 1974, 8015, 71.0, 1, 2676756.014, 1236000.348, '2025-12-02', '2001-11-29', '2026-03-29T17:42:26.619084+00:00', '2026-03-29', '018b7027', '018b7027_0000', 'gwr_api', false),
(54, 'CH918989287731', 2, 'Affoltern am Albis', 'ZH', 'Hasenbühlstrasse', '34', '8910', 'Affoltern am Albis', 1004, 1020, 1110, 1974, 8015, 69.0, 1, 2676757.572, 1235993.994, '2025-12-02', '2001-11-29', '2026-03-29T17:42:26.619084+00:00', '2026-03-29', '018b7027', '018b7027_0000', 'gwr_api', false),
(55, 'CH927789288968', 2, 'Affoltern am Albis', 'ZH', 'Hasenbühlstrasse', '36', '8910', 'Affoltern am Albis', 1004, 1020, 1110, 1974, 8015, 69.0, 1, 2676763.223, 1235990.565, '2025-12-02', '2001-11-29', '2026-03-29T17:42:26.619084+00:00', '2026-03-29', '018b7027', '018b7027_0000', 'gwr_api', false),
(56, 'CH932877898971', 2, 'Affoltern am Albis', 'ZH', 'Hasenbühlstrasse', '38', '8910', 'Affoltern am Albis', 1004, 1020, 1110, 1974, 8015, 80.0, 1, 2676767.844, 1235986.799, '2025-12-02', '2001-11-29', '2026-03-29T17:42:26.619084+00:00', '2026-03-29', '018b7027', '018b7027_0000', 'gwr_api', false),
(57, 'CH948928778981', 2, 'Affoltern am Albis', 'ZH', 'Hasenbühlstrasse', '40', '8910', 'Affoltern am Albis', 1004, 1020, 1110, 1974, 8015, 71.0, 1, 2676774.373, 1235983.785, '2025-12-02', '2001-11-29', '2026-03-29T17:42:26.619084+00:00', '2026-03-29', '018b7027', '018b7027_0000', 'gwr_api', false),
(58, 'CH827789288905', 2, 'Affoltern am Albis', 'ZH', 'Hasenbühlstrasse', '42', '8910', 'Affoltern am Albis', 1004, 1020, 1110, 1974, 8015, 76.0, 1, 2676775.417, 1236028.639, '2025-12-02', '2001-11-29', '2026-03-29T17:42:26.619084+00:00', '2026-03-29', '018b7027', '018b7027_0000', 'gwr_api', false),
(59, 'CH832877898908', 2, 'Affoltern am Albis', 'ZH', 'Hasenbühlstrasse', '44', '8910', 'Affoltern am Albis', 1004, 1020, 1110, 1974, 8015, 69.0, 1, 2676777.227, 1236022.623, '2025-12-02', '2001-11-29', '2026-03-29T17:42:26.619084+00:00', '2026-03-29', '018b7027', '018b7027_0000', 'gwr_api', false),
(60, 'CH848928778918', 2, 'Affoltern am Albis', 'ZH', 'Hasenbühlstrasse', '46', '8910', 'Affoltern am Albis', 1004, 1020, 1110, 1974, 8015, 69.0, 1, 2676782.87, 1236019.184, '2025-12-02', '2001-11-29', '2026-03-29T17:42:26.619084+00:00', '2026-03-29', '018b7027', '018b7027_0000', 'gwr_api', false),
(61, 'CH858928778934', 2, 'Affoltern am Albis', 'ZH', 'Hasenbühlstrasse', '48', '8910', 'Affoltern am Albis', 1004, 1020, 1110, NULL, 8015, 77.0, 1, 2676788.363, 1236015.358, '2025-12-18', '2001-11-29', '2026-03-29T17:42:26.619084+00:00', '2026-03-29', '018b7027', '018b7027_0000', 'gwr_api', false),
(62, 'CH867728898947', 2, 'Affoltern am Albis', 'ZH', 'Hasenbühlstrasse', '50', '8910', 'Affoltern am Albis', 1004, 1020, 1110, 1974, 8015, 76.0, 1, 2676798.596, 1236007.371, '2025-12-02', '2001-11-29', '2026-03-29T17:42:26.619084+00:00', '2026-03-29', '018b7027', '018b7027_0000', 'gwr_api', false),
(63, 'CH978977892804', 2, 'Affoltern am Albis', 'ZH', 'Hasenbühlstrasse', '52', '8910', 'Affoltern am Albis', 1004, 1020, 1110, 1974, 8015, 69.0, 1, 2676800.168, 1236000.715, '2025-12-02', '2001-11-29', '2026-03-29T17:42:26.619084+00:00', '2026-03-29', '018b7027', '018b7027_0000', 'gwr_api', false),
(64, 'CH988928897724', 2, 'Affoltern am Albis', 'ZH', 'Hasenbühlstrasse', '54', '8910', 'Affoltern am Albis', 1004, 1020, 1110, 1974, 8015, 69.0, 1, 2676805.815, 1235997.279, '2025-12-02', '2001-11-29', '2026-03-29T17:42:26.619084+00:00', '2026-03-29', '018b7027', '018b7027_0000', 'gwr_api', false),
(65, 'CH992877898970', 2, 'Affoltern am Albis', 'ZH', 'Hasenbühlstrasse', '56', '8910', 'Affoltern am Albis', 1004, 1020, 1110, 1974, 8015, 72.0, 1, 2676811.396, 1235993.847, '2025-12-02', '2001-11-29', '2026-03-29T17:42:26.619084+00:00', '2026-03-29', '018b7027', '018b7027_0000', 'gwr_api', false),
(66, NULL, 2, 'Affoltern am Albis', 'ZH', 'Hasenbühlstrasse', NULL, '8910', 'Affoltern am Albis', 1007, 1080, NULL, 1958, 8013, NULL, 0, 2676996.272, 1235993.393, '2019-11-05', '2001-11-29', '2026-03-29T17:42:26.619084+00:00', '2026-03-29', '018b7027', '018b7027_0000', 'gwr_api', false),
(67, 'CH278977922839', 2, 'Affoltern am Albis', 'ZH', 'Loorenstrasse', '1', '8910', 'Affoltern am Albis', 1004, 1020, 1122, 1976, 8015, 198.0, 6, 2676533.145, 1236074.405, '2025-12-10', '2001-11-29', '2026-03-29T17:42:26.619084+00:00', '2026-03-29', '018b7027', '018b7027_0000', 'gwr_api', false),
(68, 'CH278977922839', 2, 'Affoltern am Albis', 'ZH', 'Loorenstrasse', '3', '8910', 'Affoltern am Albis', 1004, 1020, 1122, 1976, 8015, 197.0, 8, 2676530.062, 1236090.169, '2021-03-15', '2001-11-29', '2026-03-29T17:42:26.619084+00:00', '2026-03-29', '018b7027', '018b7027_0000', 'gwr_api', false),
(69, 'CH278977922839', 2, 'Affoltern am Albis', 'ZH', 'Loorenstrasse', '5', '8910', 'Affoltern am Albis', 1004, 1020, 1122, 1976, 8015, 198.0, 8, 2676526.992, 1236105.956, '2025-12-10', '2001-11-29', '2026-03-29T17:42:26.619084+00:00', '2026-03-29', '018b7027', '018b7027_0000', 'gwr_api', false),
(70, 'CH278977922839', 2, 'Affoltern am Albis', 'ZH', 'Loorenstrasse', '7', '8910', 'Affoltern am Albis', 1004, 1020, 1122, 1978, 8015, 197.0, 6, 2676575.161, 1236081.387, '2025-12-10', '2001-11-29', '2026-03-29T17:42:26.619084+00:00', '2026-03-29', '018b7027', '018b7027_0000', 'gwr_api', false),
(71, 'CH278977922839', 2, 'Affoltern am Albis', 'ZH', 'Loorenstrasse', '9', '8910', 'Affoltern am Albis', 1004, 1020, 1122, 1978, 8015, 196.0, 8, 2676572.089, 1236097.139, '2021-03-15', '2001-11-29', '2026-03-29T17:42:26.619084+00:00', '2026-03-29', '018b7027', '018b7027_0000', 'gwr_api', false),
(72, 'CH278977922839', 2, 'Affoltern am Albis', 'ZH', 'Loorenstrasse', '11', '8910', 'Affoltern am Albis', 1004, 1020, 1122, 1978, 8015, 198.0, 8, 2676569.01, 1236112.917, '2025-12-10', '2001-11-29', '2026-03-29T17:42:26.619084+00:00', '2026-03-29', '018b7027', '018b7027_0000', 'gwr_api', false),
(73, 'CH278977922839', 2, 'Affoltern am Albis', 'ZH', 'Loorenstrasse', '13', '8910', 'Affoltern am Albis', 1004, 1020, 1122, 1981, 8016, 198.0, 6, 2676616.62, 1236081.941, '2025-12-10', '2001-11-29', '2026-03-29T17:42:26.619084+00:00', '2026-03-29', '018b7027', '018b7027_0000', 'gwr_api', false),
(74, 'CH278977922839', 2, 'Affoltern am Albis', 'ZH', 'Loorenstrasse', '15', '8910', 'Affoltern am Albis', 1004, 1020, 1122, 1981, 8016, 196.0, 8, 2676613.558, 1236097.684, '2021-03-15', '2001-11-29', '2026-03-29T17:42:26.619084+00:00', '2026-03-29', '018b7027', '018b7027_0000', 'gwr_api', false),
(75, 'CH278977922839', 2, 'Affoltern am Albis', 'ZH', 'Loorenstrasse', '17', '8910', 'Affoltern am Albis', 1004, 1020, 1122, 1981, 8016, 229.0, 8, 2676610.51, 1236114.721, '2025-12-10', '2001-11-29', '2026-03-29T17:42:26.619084+00:00', '2026-03-29', '018b7027', '018b7027_0000', 'gwr_api', false),
(76, 'CH607789852828', 2, 'Affoltern am Albis', 'ZH', 'Grossholzerstrasse', '10', '8910', 'Affoltern am Albis', 1004, 1020, 1122, 1990, 8017, 374.0, 5, 2676488.262, 1236082.629, '2025-12-11', '2001-11-29', '2026-03-29T17:42:26.619084+00:00', '2026-03-29', '018b7027', '018b7027_0000', 'gwr_api', false),
(77, 'CH192877908948', 2, 'Affoltern am Albis', 'ZH', 'Hasenbühlweg', '1', '8910', 'Affoltern am Albis', 1004, 1020, 1110, 1946, 8013, 85.0, 1, 2676743.96, 1236181.864, '2024-01-23', '2001-11-29', '2026-03-29T17:42:26.619084+00:00', '2026-03-29', '018b7027', '018b7027_0000', 'gwr_api', false),
(78, 'CH457828778979', 2, 'Affoltern am Albis', 'ZH', 'Hasenbühlweg', '3', '8910', 'Affoltern am Albis', 1004, 1020, 1110, 1946, 8013, 79.0, 1, 2676759.637, 1236157.64, '2021-03-15', '2001-11-29', '2026-03-29T17:42:26.619084+00:00', '2026-03-29', '018b7027', '018b7027_0000', 'gwr_api', false),
(79, 'CH467728897897', 2, 'Affoltern am Albis', 'ZH', 'Hasenbühlweg', '5', '8910', 'Affoltern am Albis', 1004, 1020, 1110, 1946, 8013, 87.0, 1, 2676774.128, 1236132.244, '2025-12-11', '2001-11-29', '2026-03-29T17:42:26.619084+00:00', '2026-03-29', '018b7027', '018b7027_0000', 'gwr_api', false),
(80, 'CH578977782876', 2, 'Affoltern am Albis', 'ZH', 'Hasenbühlweg', '7', '8910', 'Affoltern am Albis', 1004, 1020, 1110, 1946, 8013, 79.0, 1, 2676787.832, 1236107.49, '2025-09-01', '2001-11-29', '2026-03-29T17:42:26.619084+00:00', '2026-03-29', '018b7027', '018b7027_0000', 'gwr_api', false),
(81, 'CH587828897769', 2, 'Affoltern am Albis', 'ZH', 'Hasenbühlweg', '9', '8910', 'Affoltern am Albis', 1004, 1020, 1110, 1946, 8013, 79.0, 1, 2676791.984, 1236101.521, '2025-12-11', '2001-11-29', '2026-03-29T17:42:26.619084+00:00', '2026-03-29', '018b7027', '018b7027_0000', 'gwr_api', false),
(82, 'CH548928777834', 2, 'Affoltern am Albis', 'ZH', 'Hasenbühlweg', '12', '8910', 'Affoltern am Albis', 1004, 1020, 1110, NULL, 8014, 127.0, 1, 2676801.401, 1236071.386, '2026-02-16', '2001-11-29', '2026-03-29T17:42:26.619084+00:00', '2026-03-29', '018b7027', '018b7027_0000', 'gwr_api', false),
(83, 'CH557828778945', 2, 'Affoltern am Albis', 'ZH', 'Hasenbühlweg', '14', '8910', 'Affoltern am Albis', 1004, 1020, 1110, 1947, 8013, 79.0, 1, 2676821.681, 1236055.261, '2025-12-11', '2001-11-29', '2026-03-29T17:42:26.619084+00:00', '2026-03-29', '018b7027', '018b7027_0000', 'gwr_api', false),
(84, 'CH567728897863', 2, 'Affoltern am Albis', 'ZH', 'Hasenbühlweg', '16', '8910', 'Affoltern am Albis', 1004, 1020, 1110, 1947, 8013, 79.0, 1, 2676842.83, 1236039.449, '2025-12-10', '2001-11-29', '2026-03-29T17:42:26.619084+00:00', '2026-03-29', '018b7027', '018b7027_0000', 'gwr_api', false),
(85, NULL, 2, 'Affoltern am Albis', 'ZH', 'Hasenbühlstrasse', '1', '8910', 'Affoltern am Albis', 1007, 1020, 1110, 1960, 8013, NULL, 1, 2676733.11, 1236308.772, '2019-11-05', '2001-11-29', '2026-03-29T17:42:26.619084+00:00', '2026-03-29', '018b7027', '018b7027_0000', 'gwr_api', false),
(86, 'CH327782288944', 2, 'Affoltern am Albis', 'ZH', 'Hasenbühlstrasse', '2', '8910', 'Affoltern am Albis', 1004, 1020, 1110, 1983, 8016, 119.0, 1, 2676690.715, 1236328.594, '2025-12-10', '2001-11-29', '2026-03-29T17:42:26.619084+00:00', '2026-03-29', '018b7027', '018b7027_0000', 'gwr_api', false),
(87, 'CH618990287727', 2, 'Affoltern am Albis', 'ZH', 'Hasenbühlstrasse', '3', '8910', 'Affoltern am Albis', 1004, 1020, 1121, 1960, 8013, 228.0, 2, 2676731.231, 1236282.62, '2021-03-15', '2001-11-29', '2026-03-29T17:42:26.619084+00:00', '2026-03-29', '018b7027', '018b7027_0000', 'gwr_api', false),
(88, 'CH332877898288', 2, 'Affoltern am Albis', 'ZH', 'Hasenbühlstrasse', '4', '8910', 'Affoltern am Albis', 1004, 1020, 1110, 1983, 8016, 97.0, 1, 2676692.712, 1236316.124, '2025-12-11', '2001-11-29', '2026-03-29T17:42:26.619084+00:00', '2026-03-29', '018b7027', '018b7027_0000', 'gwr_api', false),
(89, 'CH667728898126', 2, 'Affoltern am Albis', 'ZH', 'Hasenbühlstrasse', '6', '8910', 'Affoltern am Albis', 1004, 1020, 1110, 1981, 8016, 97.0, 1, 2676694.173, 1236296.298, '2025-12-11', '2001-11-29', '2026-03-29T17:42:26.619084+00:00', '2026-03-29', '018b7027', '018b7027_0000', 'gwr_api', false),
(90, NULL, 2, 'Affoltern am Albis', 'ZH', 'Hasenbühlstrasse', '7', '8910', 'Affoltern am Albis', 1007, 1020, 1110, 1962, 8014, NULL, 1, 2676740.759, 1236219.729, '2019-11-05', '2001-11-29', '2026-03-29T17:42:26.619084+00:00', '2026-03-29', '018b7027', '018b7027_0000', 'gwr_api', false),
(91, 'CH778977822893', 2, 'Affoltern am Albis', 'ZH', 'Hasenbühlstrasse', '8', '8910', 'Affoltern am Albis', 1004, 1020, 1110, 1981, 8016, 120.0, 1, 2676694.151, 1236283.68, '2021-03-15', '2001-11-29', '2026-03-29T17:42:26.619084+00:00', '2026-03-29', '018b7027', '018b7027_0000', 'gwr_api', false),
(92, 'CH678977812833', 2, 'Affoltern am Albis', 'ZH', 'Hasenbühlstrasse', '10', '8910', 'Affoltern am Albis', 1004, 1020, 1110, 1980, 8015, 127.0, 1, 2676695.349, 1236264.691, '2021-06-14', '2001-11-29', '2026-03-29T17:42:26.619084+00:00', '2026-03-29', '018b7027', '018b7027_0000', 'gwr_api', false),
(93, 'CH688128897751', 2, 'Affoltern am Albis', 'ZH', 'Hasenbühlstrasse', '12', '8910', 'Affoltern am Albis', 1004, 1020, 1110, 1980, 8015, 97.0, 1, 2676697.731, 1236252.173, '2025-12-11', '2001-11-29', '2026-03-29T17:42:26.619084+00:00', '2026-03-29', '018b7027', '018b7027_0000', 'gwr_api', false),
(94, 'CH692877818902', 2, 'Affoltern am Albis', 'ZH', 'Hasenbühlstrasse', '14', '8910', 'Affoltern am Albis', 1004, 1020, 1110, 1980, 8015, 131.0, 1, 2676697.623, 1236232.869, '2021-03-15', '2001-11-29', '2026-03-29T17:42:26.619084+00:00', '2026-03-29', '018b7027', '018b7027_0000', 'gwr_api', false),
(95, 'CH607789812840', 2, 'Affoltern am Albis', 'ZH', 'Hasenbühlstrasse', '16', '8910', 'Affoltern am Albis', 1004, 1020, 1110, 1980, 8015, 97.0, 1, 2676700.305, 1236220.243, '2025-12-11', '2001-11-29', '2026-03-29T17:42:26.619084+00:00', '2026-03-29', '018b7027', '018b7027_0000', 'gwr_api', false),
(96, 'CH618981287711', 2, 'Affoltern am Albis', 'ZH', 'Hasenbühlstrasse', '18', '8910', 'Affoltern am Albis', 1004, 1020, 1121, 1979, 8015, 179.0, 2, 2676702.337, 1236196.803, '2021-03-15', '2001-11-29', '2026-03-29T17:42:26.619084+00:00', '2026-03-29', '018b7027', '018b7027_0000', 'gwr_api', false),
(97, 'CH478977792810', 2, 'Affoltern am Albis', 'ZH', 'Hasenbühlstrasse', '11', '8910', 'Affoltern am Albis', 1004, 1020, 1110, 1946, 8013, 94.0, 1, 2676739.895, 1236150.72, '2025-12-11', '2001-11-29', '2026-03-29T17:42:26.619084+00:00', '2026-03-29', '018b7027', '018b7027_0000', 'gwr_api', false),
(98, 'CH592877788945', 2, 'Affoltern am Albis', 'ZH', 'Hasenbühlstrasse', '13', '8910', 'Affoltern am Albis', 1004, 1020, 1110, 1946, 8013, 106.0, 1, 2676750.417, 1236129.94, '2021-03-15', '2001-11-29', '2026-03-29T17:42:26.619084+00:00', '2026-03-29', '018b7027', '018b7027_0000', 'gwr_api', false),
(99, 'CH507789782883', 2, 'Affoltern am Albis', 'ZH', 'Hasenbühlstrasse', '15', '8910', 'Affoltern am Albis', 1004, 1020, 1110, 1946, 8013, 79.0, 1, 2676762.381, 1236108.005, '2025-12-11', '2001-11-29', '2026-03-29T17:42:26.619084+00:00', '2026-03-29', '018b7027', '018b7027_0000', 'gwr_api', false),
(100, 'CH518978287772', 2, 'Affoltern am Albis', 'ZH', 'Hasenbühlstrasse', '17', '8910', 'Affoltern am Albis', 1004, 1020, 1110, 1946, 8013, 82.0, 1, 2676765.706, 1236101.658, '2021-06-17', '2001-11-29', '2026-03-29T17:42:26.619084+00:00', '2026-03-29', '018b7027', '018b7027_0000', 'gwr_api', false)
2026-03-29 17:45:09.734 | DEBUG    | src.utils.databricks_client:execute_sql:44 - SQL:
INSERT INTO workspace.dqa_realestate.bronze_gwr_buildings (egid, egrid, ggdenr, ggdename, gdekt, strname, deinr, plz4, plzname, gstat, gkat, gklas, gbauj, gbaup, garea, ganzwhg, gkode, gkodn, gdat, gdatns, _ingested_at, _ingestion_date, _run_id, _batch_id, _source, _is_full_load) VALUES (101, 'CH527778288912', 2, 'Affoltern am Albis', 'ZH', 'Hasenbühlstrasse', '19', '8910', 'Affoltern am Albis', 1004, 1020, 1110, 1968, 8014, 80.0, 1, 2676776.922, 1236083.211, '2025-12-11', '2001-11-29', '2026-03-29T17:42:26.619084+00:00', '2026-03-29', '018b7027', '018b7027_0000', 'gwr_api', false),
(102, 'CH532877897824', 2, 'Affoltern am Albis', 'ZH', 'Hasenbühlstrasse', '21', '8910', 'Affoltern am Albis', 1004, 1020, 1110, 1947, 8013, 79.0, 1, 2676781.592, 1236077.663, '2025-12-11', '2001-11-29', '2026-03-29T17:42:26.619084+00:00', '2026-03-29', '018b7027', '018b7027_0000', 'gwr_api', false),
(103, 'CH678977782842', 2, 'Affoltern am Albis', 'ZH', 'Hasenbühlstrasse', '23', '8910', 'Affoltern am Albis', 1004, 1020, 1110, 1947, 8013, 96.0, 1, 2676793.549, 1236051.48, '2021-06-17', '2001-11-29', '2026-03-29T17:42:26.619084+00:00', '2026-03-29', '018b7027', '018b7027_0000', 'gwr_api', false),
(104, 'CH687828897735', 2, 'Affoltern am Albis', 'ZH', 'Hasenbühlstrasse', '25', '8910', 'Affoltern am Albis', 1004, 1020, 1110, 1947, 8013, 79.0, 1, 2676813.006, 1236031.956, '2025-12-11', '2001-11-29', '2026-03-29T17:42:26.619084+00:00', '2026-03-29', '018b7027', '018b7027_0000', 'gwr_api', false),
(105, 'CH692877788911', 2, 'Affoltern am Albis', 'ZH', 'Hasenbühlstrasse', '27', '8910', 'Affoltern am Albis', 1004, 1020, 1110, 1947, 8013, 97.0, 1, 2676834.323, 1236018.464, '2022-09-07', '2001-11-29', '2026-03-29T17:42:26.619084+00:00', '2026-03-29', '018b7027', '018b7027_0000', 'gwr_api', false),
(106, 'CH187228897776', 2, 'Affoltern am Albis', 'ZH', 'Bifangstrasse', '1', '8910', 'Affoltern am Albis', 1004, 1020, 1110, 1981, 8016, 126.0, 1, 2676665.834, 1236319.23, '2024-05-02', '2001-11-29', '2026-03-29T17:42:26.619084+00:00', '2026-03-29', '018b7027', '018b7027_0000', 'gwr_api', false),
(107, 'CH192877728905', 2, 'Affoltern am Albis', 'ZH', 'Bifangstrasse', '3', '8910', 'Affoltern am Albis', 1004, 1020, 1110, 1981, 8016, 94.0, 1, 2676653.366, 1236322.23, '2025-12-11', '2001-11-29', '2026-03-29T17:42:26.619084+00:00', '2026-03-29', '018b7027', '018b7027_0000', 'gwr_api', false),
(108, 'CH278977722802', 2, 'Affoltern am Albis', 'ZH', 'Bifangstrasse', '5', '8910', 'Affoltern am Albis', 1004, 1020, 1110, 1981, 8016, 95.0, 1, 2676667.649, 1236293.049, '2021-03-15', '2001-11-29', '2026-03-29T17:42:26.619084+00:00', '2026-03-29', '018b7027', '018b7027_0000', 'gwr_api', false),
(109, 'CH107789722843', 2, 'Affoltern am Albis', 'ZH', 'Bifangstrasse', '7', '8910', 'Affoltern am Albis', 1004, 1020, 1110, 1981, 8016, 115.0, 1, 2676655.114, 1236293.48, '2025-12-11', '2001-11-29', '2026-03-29T17:42:26.619084+00:00', '2026-03-29', '018b7027', '018b7027_0000', 'gwr_api', false),
(110, 'CH287228897742', 2, 'Affoltern am Albis', 'ZH', 'Bifangstrasse', '9', '8910', 'Affoltern am Albis', 1004, 1020, 1110, 1980, 8015, 94.0, 1, 2676669.873, 1236265.249, '2023-08-18', '2001-11-29', '2026-03-29T17:42:26.619084+00:00', '2026-03-29', '018b7027', '018b7027_0000', 'gwr_api', false),
(111, 'CH118972287768', 2, 'Affoltern am Albis', 'ZH', 'Bifangstrasse', '11', '8910', 'Affoltern am Albis', 1004, 1020, 1110, 1980, 8015, 94.0, 1, 2676657.808, 1236266.84, '2025-12-11', '2001-11-29', '2026-03-29T17:42:26.619084+00:00', '2026-03-29', '018b7027', '018b7027_0000', 'gwr_api', false),
(112, 'CH292877728968', 2, 'Affoltern am Albis', 'ZH', 'Bifangstrasse', '13', '8910', 'Affoltern am Albis', 1004, 1020, 1110, 1980, 8015, 94.0, 1, 2676672.133, 1236237.668, '2025-12-11', '2001-11-29', '2026-03-29T17:42:26.619084+00:00', '2026-03-29', '018b7027', '018b7027_0000', 'gwr_api', false),
(113, 'CH127772288908', 2, 'Affoltern am Albis', 'ZH', 'Bifangstrasse', '15', '8910', 'Affoltern am Albis', 1004, 1020, 1110, 1980, 8015, 94.0, 1, 2676659.988, 1236239.176, '2021-03-15', '2001-11-29', '2026-03-29T17:42:26.619084+00:00', '2026-03-29', '018b7027', '018b7027_0000', 'gwr_api', false),
(114, 'CH207789722809', 2, 'Affoltern am Albis', 'ZH', 'Bifangstrasse', '17', '8910', 'Affoltern am Albis', 1004, 1020, 1110, 1980, 8015, 76.0, 1, 2676674.498, 1236211.61, '2021-03-15', '2001-11-29', '2026-03-29T17:42:26.619084+00:00', '2026-03-29', '018b7027', '018b7027_0000', 'gwr_api', false),
(115, 'CH167728897211', 2, 'Affoltern am Albis', 'ZH', 'Bifangstrasse', '19', '8910', 'Affoltern am Albis', 1004, 1020, 1110, 1981, 8016, 77.0, 1, 2676654.987, 1236197.991, '2025-12-11', '2001-11-29', '2026-03-29T17:42:26.619084+00:00', '2026-03-29', '018b7027', '018b7027_0000', 'gwr_api', false),
(116, 'CH218972287734', 2, 'Affoltern am Albis', 'ZH', 'Bifangstrasse', '21', '8910', 'Affoltern am Albis', 1004, 1020, 1110, 1980, 8015, 102.0, 1, 2676676.494, 1236190.23, '2025-12-11', '2001-11-29', '2026-03-29T17:42:26.619084+00:00', '2026-03-29', '018b7027', '018b7027_0000', 'gwr_api', false),
(117, 'CH448928778264', 2, 'Affoltern am Albis', 'ZH', 'Bifangstrasse', '16', '8910', 'Affoltern am Albis', 1004, 1020, 1110, 1985, 8016, 102.0, 1, 2676622.828, 1236221.85, '2025-12-11', '2001-11-29', '2026-03-29T17:42:26.619084+00:00', '2026-03-29', '018b7027', '018b7027_0000', 'gwr_api', false),
(118, 'CH432877898254', 2, 'Affoltern am Albis', 'ZH', 'Bifangstrasse', '18', '8910', 'Affoltern am Albis', 1004, 1020, 1110, 1985, 8016, 92.0, 1, 2676624.275, 1236212.92, '2025-10-31', '2001-11-29', '2026-03-29T17:42:26.619084+00:00', '2026-03-29', '018b7027', '018b7027_0000', 'gwr_api', false),
(119, 'CH427782288910', 2, 'Affoltern am Albis', 'ZH', 'Bifangstrasse', '20', '8910', 'Affoltern am Albis', 1004, 1020, 1110, 1985, 8016, 92.0, 1, 2676625.141, 1236203.913, '2021-04-08', '2001-11-29', '2026-03-29T17:42:26.619084+00:00', '2026-03-29', '018b7027', '018b7027_0000', 'gwr_api', false),
(120, 'CH418982287770', 2, 'Affoltern am Albis', 'ZH', 'Bifangstrasse', '22', '8910', 'Affoltern am Albis', 1004, 1020, 1110, 1985, 8016, 116.0, 1, 2676626.843, 1236195.493, '2021-03-15', '2001-11-29', '2026-03-29T17:42:26.619084+00:00', '2026-03-29', '018b7027', '018b7027_0000', 'gwr_api', false),
(121, NULL, 2, 'Affoltern am Albis', 'ZH', 'Gartenstrasse', '14', '8910', 'Affoltern am Albis', 1007, 1020, 1122, 1960, 8013, NULL, 18, 2676689.296, 1236374.555, '2019-11-05', '2001-11-29', '2026-03-29T17:42:26.619084+00:00', '2026-03-29', '018b7027', '018b7027_0000', 'gwr_api', false),
(122, 'CH878977712892', 2, 'Affoltern am Albis', 'ZH', 'Gartenstrasse', '16', '8910', 'Affoltern am Albis', 1004, 1020, 1122, 1960, 8013, 410.0, 15, 2676641.673, 1236375.3, '2021-03-15', '2001-11-29', '2026-03-29T17:42:26.619084+00:00', '2026-03-29', '018b7027', '018b7027_0000', 'gwr_api', false),
(123, 'CH967728898022', 2, 'Affoltern am Albis', 'ZH', 'Gartenstrasse', '15', '8910', 'Affoltern am Albis', 1004, 1020, 1110, 1966, 8014, 127.0, 1, 2676722.314, 1236390.427, '2021-03-15', '2001-11-29', '2026-03-29T17:42:26.619084+00:00', '2026-03-29', '018b7027', '018b7027_0000', 'gwr_api', false),
(124, 'CH118901287728', 2, 'Affoltern am Albis', 'ZH', 'Luckenhölzliweg', '6', '8910', 'Affoltern am Albis', 1007, 1020, 1110, 1941, 8012, NULL, 1, 2676710.858, 1236445.364, '2019-11-05', '2001-11-29', '2026-03-29T17:42:26.619084+00:00', '2026-03-29', '018b7027', '018b7027_0000', 'gwr_api', false),
(125, 'CH792877708901', 2, 'Affoltern am Albis', 'ZH', 'Gartenstrasse', '2', '8910', 'Affoltern am Albis', 1004, 1020, 1110, 1949, 8013, 84.0, 1, 2676605.927, 1236514.704, '2025-03-07', '2001-11-29', '2026-03-29T17:42:26.619084+00:00', '2026-03-29', '018b7027', '018b7027_0000', 'gwr_api', false),
(126, 'CH978977792834', 2, 'Affoltern am Albis', 'ZH', 'Gartenstrasse', '4', '8910', 'Affoltern am Albis', 1004, 1020, 1110, 1954, 8013, 79.0, 1, 2676618.445, 1236498.163, '2025-12-11', '2001-11-29', '2026-03-29T17:42:26.619084+00:00', '2026-03-29', '018b7027', '018b7027_0000', 'gwr_api', false),
(127, 'CH767728897102', 2, 'Affoltern am Albis', 'ZH', 'Gartenstrasse', '6', '8910', 'Affoltern am Albis', 1007, 1020, 1110, 1951, 8013, 104.0, 1, 2676632.559, 1236478.696, '2025-07-11', '2001-11-29', '2026-03-29T17:42:26.619084+00:00', '2026-03-29', '018b7027', '018b7027_0000', 'gwr_api', false),
(128, 'CH578977712897', 2, 'Affoltern am Albis', 'ZH', 'Gartenstrasse', '8', '8910', 'Affoltern am Albis', 1007, 1020, 1110, 1953, 8013, 145.0, 1, 2676647.975, 1236456.699, '2022-03-22', '2001-11-29', '2026-03-29T17:42:26.619084+00:00', '2026-03-29', '018b7027', '018b7027_0000', 'gwr_api', false),
(129, 'CH778977722826', 2, 'Affoltern am Albis', 'ZH', 'Gartenstrasse', '1', '8910', 'Affoltern am Albis', 1004, 1020, 1122, 1956, 8013, 168.0, 8, 2676619.85, 1236544.565, '2021-03-15', '2001-11-29', '2026-03-29T17:42:26.619084+00:00', '2026-03-29', '018b7027', '018b7027_0000', 'gwr_api', false),
(130, 'CH778977722826', 2, 'Affoltern am Albis', 'ZH', 'Gartenstrasse', '3', '8910', 'Affoltern am Albis', 1004, 1020, 1122, NULL, 8013, 167.0, 8, 2676633.57, 1236532.992, '2021-03-15', '2001-11-29', '2026-03-29T17:42:26.619084+00:00', '2026-03-29', '018b7027', '018b7027_0000', 'gwr_api', false),
(131, 'CH657128778906', 2, 'Affoltern am Albis', 'ZH', 'Gartenstrasse', '5', '8910', 'Affoltern am Albis', 1004, 1020, 1122, 1959, 8013, 163.0, 8, 2676654.067, 1236497.41, '2025-12-11', '2001-11-29', '2026-03-29T17:42:26.619084+00:00', '2026-03-29', '018b7027', '018b7027_0000', 'gwr_api', false),
(132, 'CH657128778906', 2, 'Affoltern am Albis', 'ZH', 'Gartenstrasse', '7', '8910', 'Affoltern am Albis', 1004, 1020, 1122, 1959, 8013, 163.0, 8, 2676667.624, 1236485.546, '2025-12-11', '2001-11-29', '2026-03-29T17:42:26.619084+00:00', '2026-03-29', '018b7027', '018b7027_0000', 'gwr_api', false),
(133, 'CH667728897136', 2, 'Affoltern am Albis', 'ZH', 'Gartenstrasse', '9', '8910', 'Affoltern am Albis', 1004, 1020, 1122, 1962, 8014, 183.0, 10, 2676685.041, 1236462.454, '2025-12-11', '2001-11-29', '2026-03-29T17:42:26.619084+00:00', '2026-03-29', '018b7027', '018b7027_0000', 'gwr_api', false),
(134, 'CH248928779027', 2, 'Affoltern am Albis', 'ZH', 'Gartenhof', '2', '8910', 'Affoltern am Albis', 1004, 1020, 1122, 1965, 8014, 179.0, 8, 2676675.235, 1236528.912, '2021-03-15', '2001-11-29', '2026-03-29T17:42:26.619084+00:00', '2026-03-29', '018b7027', '018b7027_0000', 'gwr_api', false),
(135, 'CH248928779027', 2, 'Affoltern am Albis', 'ZH', 'Gartenhof', '4', '8910', 'Affoltern am Albis', 1004, 1020, 1122, 1965, 8014, 178.0, 8, 2676693.63, 1236532.998, '2021-03-15', '2001-11-29', '2026-03-29T17:42:26.619084+00:00', '2026-03-29', '018b7027', '018b7027_0000', 'gwr_api', false),
(136, 'CH718978287704', 2, 'Affoltern am Albis', 'ZH', 'Chellengasse', '3', '8910', 'Affoltern am Albis', 1004, 1020, 1110, 1795, 8011, 59.0, 1, 2676726.732, 1236679.235, '2021-03-15', '2001-11-29', '2026-03-29T17:42:26.619084+00:00', '2026-03-29', '018b7027', '018b7027_0000', 'gwr_api', false),
(137, 'CH707789782815', 2, 'Affoltern am Albis', 'ZH', 'Chellengasse', '7', '8910', 'Affoltern am Albis', 1004, 1030, 1122, 1830, 8011, 159.0, 5, 2676741.236, 1236684.03, '2021-03-15', '2001-11-29', '2026-03-29T17:42:26.619084+00:00', '2026-03-29', '018b7027', '018b7027_0000', 'gwr_api', false),
(138, 'CH707789782815', 2, 'Affoltern am Albis', 'ZH', 'Chellengasse', '5', '8910', 'Affoltern am Albis', 1004, 1030, 1122, 1830, 8011, 52.0, 3, 2676731.876, 1236679.868, '2025-12-11', '2001-11-29', '2026-03-29T17:42:26.619084+00:00', '2026-03-29', '018b7027', '018b7027_0000', 'gwr_api', false),
(139, 'CH727778288941', 2, 'Affoltern am Albis', 'ZH', 'Tannholzstrasse', '3', '8910', 'Affoltern am Albis', 1004, 1020, 1122, 1780, 8011, 85.0, 3, 2676714.887, 1236679.354, '2025-12-11', '2001-11-29', '2026-03-29T17:42:26.619084+00:00', '2026-03-29', '018b7027', '018b7027_0000', 'gwr_api', false),
(140, 'CH732877897853', 2, 'Affoltern am Albis', 'ZH', 'Tannholzstrasse', '5', '8910', 'Affoltern am Albis', 1004, 1020, 1110, 1924, 8012, 48.0, 1, 2676717.357, 1236670.452, '2025-12-11', '2001-11-29', '2026-03-29T17:42:26.619084+00:00', '2026-03-29', '018b7027', '018b7027_0000', 'gwr_api', false),
(141, 'CH878977722889', 2, 'Affoltern am Albis', 'ZH', 'Tannholzstrasse', '6', '8910', 'Affoltern am Albis', 1004, 1020, 1122, 1968, 8014, 338.0, 13, 2676711.493, 1236633.56, '2023-09-16', '2001-11-29', '2026-03-29T17:42:26.619084+00:00', '2026-03-29', '018b7027', '018b7027_0000', 'gwr_api', false),
(142, 'CH678977792839', 2, 'Affoltern am Albis', 'ZH', 'Tannholzstrasse', '7', '8910', 'Affoltern am Albis', 1004, 1030, 1122, 1962, 8014, 204.0, 6, 2676749.788, 1236652.626, '2023-11-03', '2001-11-29', '2026-03-29T17:42:26.619084+00:00', '2026-03-29', '018b7027', '018b7027_0000', 'gwr_api', false),
(143, 'CH427797288969', 2, 'Affoltern am Albis', 'ZH', 'Tannholzstrasse', '9', '8910', 'Affoltern am Albis', 1004, 1020, 1110, 1840, 8011, 80.0, 1, 2676741.762, 1236623.384, '2024-10-23', '2001-11-29', '2026-03-29T17:42:26.619084+00:00', '2026-03-29', '018b7027', '018b7027_0000', 'gwr_api', false),
(144, 'CH427797288969', 2, 'Affoltern am Albis', 'ZH', 'Tannholzstrasse', '11', '8910', 'Affoltern am Albis', 1004, 1020, 1110, 1840, 8011, 81.0, 1, 2676744.849, 1236615.631, '2025-12-11', '2001-11-29', '2026-03-29T17:42:26.619084+00:00', '2026-03-29', '018b7027', '018b7027_0000', 'gwr_api', false),
(145, NULL, 2, 'Affoltern am Albis', 'ZH', 'Tannholzstrasse', '15', '8910', 'Affoltern am Albis', 1007, 1020, 1110, 1959, 8013, NULL, 1, 2676766.812, 1236599.854, '2019-11-05', '2001-11-29', '2026-03-29T17:42:26.619084+00:00', '2026-03-29', '018b7027', '018b7027_0000', 'gwr_api', false),
(146, 'CH592877798942', 2, 'Affoltern am Albis', 'ZH', 'Im Welschland', '4', '8910', 'Affoltern am Albis', 1004, 1020, 1122, 1961, 8014, 223.0, 9, 2676677.118, 1236643.362, '2021-03-15', '2001-11-29', '2026-03-29T17:42:26.619084+00:00', '2026-03-29', '018b7027', '018b7027_0000', 'gwr_api', false),
(147, 'CH487928897776', 2, 'Affoltern am Albis', 'ZH', 'Im Welschland', '8', '8910', 'Affoltern am Albis', 1004, 1020, 1122, 1959, 8013, 167.0, 8, 2676690.03, 1236608.632, '2025-12-11', '2001-11-29', '2026-03-29T17:42:26.619084+00:00', '2026-03-29', '018b7027', '018b7027_0000', 'gwr_api', false),
(150, 'CH627779288966', 2, 'Affoltern am Albis', 'ZH', 'Im Welschland', '16', '8910', 'Affoltern am Albis', 1007, 1020, 1122, 1963, 8014, 192.0, 6, 2676724.256, 1236547.445, '2026-03-16', '2001-11-29', '2026-03-29T17:42:26.619084+00:00', '2026-03-29', '018b7027', '018b7027_0000', 'gwr_api', false),
(151, 'CH627779288966', 2, 'Affoltern am Albis', 'ZH', 'Im Welschland', '18', '8910', 'Affoltern am Albis', 1007, 1020, 1122, 1963, 8014, 199.0, 7, 2676729.45, 1236534.997, '2026-03-26', '2001-11-29', '2026-03-29T17:42:26.619084+00:00', '2026-03-29', '018b7027', '018b7027_0000', 'gwr_api', false),
(152, 'CH807789722896', 2, 'Affoltern am Albis', 'ZH', 'Tannholzstrasse', '14', '8910', 'Affoltern am Albis', 1004, 1020, 1122, NULL, 8014, 249.0, 9, 2676738.775, 1236573.202, '2026-01-15', '2001-11-29', '2026-03-29T17:42:26.619084+00:00', '2026-03-29', '018b7027', '018b7027_0000', 'gwr_api', false)
2026-03-29 17:45:12.519 | DEBUG    | src.utils.databricks_client:execute_sql:44 - SQL:
INSERT INTO workspace.dqa_realestate.bronze_gwr_buildings (egid, egrid, ggdenr, ggdename, gdekt, strname, deinr, plz4, plzname, gstat, gkat, gklas, gbauj, gbaup, garea, ganzwhg, gkode, gkodn, gdat, gdatns, _ingested_at, _ingestion_date, _run_id, _batch_id, _source, _is_full_load) VALUES (153, 'CH818972287724', 2, 'Affoltern am Albis', 'ZH', 'Tannholzstrasse', '20', '8910', 'Affoltern am Albis', 1007, 1020, 1110, 1894, 8011, 115.0, 1, 2676760.782, 1236544.603, '2025-12-17', '2001-11-29', '2026-03-29T17:42:26.619084+00:00', '2026-03-29', '018b7027', '018b7027_0000', 'gwr_api', false),
(154, 'CH827795288948', 2, 'Affoltern am Albis', 'ZH', 'Tannholzstrasse', '17', '8910', 'Affoltern am Albis', 1004, 1030, 1110, NULL, 8013, 194.0, 1, 2676834.354, 1236530.882, '2026-01-19', '2001-11-29', '2026-03-29T17:42:26.619084+00:00', '2026-03-29', '018b7027', '018b7027_0000', 'gwr_api', false),
(155, 'CH527709288951', 2, 'Affoltern am Albis', 'ZH', 'Tannholzstrasse', '28a', '8910', 'Affoltern am Albis', 1004, 1020, 1121, 1900, 8011, 184.0, 2, 2676741.608, 1236473.378, '2021-03-15', '2001-11-29', '2026-03-29T17:42:26.619084+00:00', '2026-03-29', '018b7027', '018b7027_0000', 'gwr_api', false),
(156, 'CH532877890993', 2, 'Affoltern am Albis', 'ZH', 'Tannholzstrasse', '26', '8910', 'Affoltern am Albis', 1004, 1030, 1122, 1900, 8011, 105.0, 3, 2676753.488, 1236487.123, '2021-03-15', '2001-11-29', '2026-03-29T17:42:26.619084+00:00', '2026-03-29', '018b7027', '018b7027_0000', 'gwr_api', false),
(157, 'CH818997287790', 2, 'Affoltern am Albis', 'ZH', 'Tannholzstrasse', '30', '8910', 'Affoltern am Albis', 1004, 1020, 1110, 1924, 8012, 108.0, 1, 2676745.785, 1236427.852, '2025-12-11', '2001-11-29', '2026-03-29T17:42:26.619084+00:00', '2026-03-29', '018b7027', '018b7027_0000', 'gwr_api', false),
(158, 'CH988428897762', 2, 'Affoltern am Albis', 'ZH', 'Tannholzstrasse', '30a', '8910', 'Affoltern am Albis', 1004, 1020, 1110, 1987, 8017, 153.0, 1, 2676765.522, 1236422.167, '2025-12-11', '2001-11-29', '2026-03-29T17:42:26.619084+00:00', '2026-03-29', '018b7027', '018b7027_0000', 'gwr_api', false),
(159, 'CH867728897264', 2, 'Affoltern am Albis', 'ZH', 'Mühlrütistrasse', '1', '8910', 'Affoltern am Albis', 1004, 1020, 1110, 1979, 8015, 187.0, 1, 2676800.14, 1236442.424, '2021-03-15', '2001-11-29', '2026-03-29T17:42:26.619084+00:00', '2026-03-29', '018b7027', '018b7027_0000', 'gwr_api', false),
(160, 'CH987228897795', 2, 'Affoltern am Albis', 'ZH', 'Mühlrütistrasse', '3', '8910', 'Affoltern am Albis', 1004, 1020, 1110, 1978, 8015, 144.0, 1, 2676833.036, 1236442.601, '2025-12-11', '2001-11-29', '2026-03-29T17:42:26.619084+00:00', '2026-03-29', '018b7027', '018b7027_0000', 'gwr_api', false),
(161, 'CH292877888920', 2, 'Affoltern am Albis', 'ZH', 'Mühlrütistrasse', '4', '8910', 'Affoltern am Albis', 1004, 1020, 1110, 1981, 8016, 90.0, 1, 2676834.144, 1236407.774, '2023-07-18', '2001-11-29', '2026-03-29T17:42:26.619084+00:00', '2026-03-29', '018b7027', '018b7027_0000', 'gwr_api', false),
(162, 'CH718972287758', 2, 'Affoltern am Albis', 'ZH', 'Mühlrütistrasse', '5', '8910', 'Affoltern am Albis', 1004, 1020, 1110, 1978, 8015, 149.0, 1, 2676860.544, 1236445.972, '2025-12-11', '2001-11-29', '2026-03-29T17:42:26.619084+00:00', '2026-03-29', '018b7027', '018b7027_0000', 'gwr_api', false),
(163, NULL, 2, 'Affoltern am Albis', 'ZH', 'Mühlrütistrasse', '6', '8910', 'Affoltern am Albis', 1007, 1020, 1110, 1968, 8014, NULL, 1, 2676875.293, 1236408.55, '2019-11-05', '2001-11-29', '2026-03-29T17:42:26.619084+00:00', '2026-03-29', '018b7027', '018b7027_0000', 'gwr_api', false),
(164, 'CH118989287712', 2, 'Affoltern am Albis', 'ZH', 'Mühlrütistrasse', '8', '8910', 'Affoltern am Albis', 1004, 1020, 1122, 1969, 8014, 297.0, 3, 2676892.219, 1236416.083, '2025-10-31', '2001-11-29', '2026-03-29T17:42:26.619084+00:00', '2026-03-29', '018b7027', '018b7027_0000', 'gwr_api', false),
(165, 'CH127789288949', 2, 'Affoltern am Albis', 'ZH', 'Mühlrütistrasse', '10', '8910', 'Affoltern am Albis', 1004, 1020, 1110, 1980, 8015, 213.0, 1, 2676913.862, 1236387.948, '2025-12-11', '2001-11-29', '2026-03-29T17:42:26.619084+00:00', '2026-03-29', '018b7027', '018b7027_0000', 'gwr_api', false),
(166, 'CH548928778527', 2, 'Affoltern am Albis', 'ZH', 'Mühlrütistrasse', '12', '8910', 'Affoltern am Albis', 1004, 1020, 1110, 1975, 8015, 223.0, 1, 2676889.086, 1236377.691, '2021-03-15', '2001-11-29', '2026-03-29T17:42:26.619084+00:00', '2026-03-29', '018b7027', '018b7027_0000', 'gwr_api', false),
(167, 'CH887628897721', 2, 'Affoltern am Albis', 'ZH', 'Mühlrütistrasse', '18', '8910', 'Affoltern am Albis', 1007, 1020, 1110, 1967, 8014, NULL, 0, 2676947.579, 1236351.086, '2020-03-18', '2001-11-29', '2026-03-29T17:42:26.619084+00:00', '2026-03-29', '018b7027', '018b7027_0000', 'gwr_api', false),
(168, 'CH892877768946', 2, 'Affoltern am Albis', 'ZH', 'Mühlrütistrasse', '20', '8910', 'Affoltern am Albis', 1004, 1020, 1110, 1969, 8014, 165.0, 1, 2676971.418, 1236332.758, '2025-12-11', '2001-11-29', '2026-03-29T17:42:26.619084+00:00', '2026-03-29', '018b7027', '018b7027_0000', 'gwr_api', false),
(169, 'CH858128778956', 2, 'Affoltern am Albis', 'ZH', 'Tannholzstrasse', '32', '8910', 'Affoltern am Albis', 1004, 1020, 1110, 1979, 8015, 125.0, 1, 2676778.272, 1236393.656, '2025-12-11', '2001-11-29', '2026-03-29T17:42:26.619084+00:00', '2026-03-29', '018b7027', '018b7027_0000', 'gwr_api', false),
(170, 'CH888128897780', 2, 'Affoltern am Albis', 'ZH', 'Tannholzstrasse', '34', '8910', 'Affoltern am Albis', 1004, 1020, 1110, 1979, 8015, 134.0, 1, 2676751.753, 1236394.226, '2025-12-11', '2001-11-29', '2026-03-29T17:42:26.619084+00:00', '2026-03-29', '018b7027', '018b7027_0000', 'gwr_api', false),
(171, 'CH292877898917', 2, 'Affoltern am Albis', 'ZH', 'Tannrütistrasse', '1', '8910', 'Affoltern am Albis', 1004, 1020, 1110, 1972, 8015, 136.0, 1, 2676912.359, 1236254.086, '2021-03-15', '2001-11-29', '2026-03-29T17:42:26.619084+00:00', '2026-03-29', '018b7027', '018b7027_0000', 'gwr_api', false),
(172, 'CH288928897768', 2, 'Affoltern am Albis', 'ZH', 'Tannrütistrasse', '3', '8910', 'Affoltern am Albis', 1004, 1020, 1110, 1972, 8015, 136.0, 1, 2676907.334, 1236265.72, '2021-03-15', '2001-11-29', '2026-03-29T17:42:26.619084+00:00', '2026-03-29', '018b7027', '018b7027_0000', 'gwr_api', false),
(173, 'CH158928778978', 2, 'Affoltern am Albis', 'ZH', 'Tannrütistrasse', '5', '8910', 'Affoltern am Albis', 1004, 1020, 1121, 1972, 8015, 137.0, 2, 2676902.25, 1236277.382, '2025-12-11', '2001-11-29', '2026-03-29T17:42:26.619084+00:00', '2026-03-29', '018b7027', '018b7027_0000', 'gwr_api', false),
(174, 'CH392877898980', 2, 'Affoltern am Albis', 'ZH', 'Tannrütistrasse', '7', '8910', 'Affoltern am Albis', 1004, 1020, 1110, 1972, 8015, 136.0, 1, 2676945.167, 1236260.753, '2023-03-01', '2001-11-29', '2026-03-29T17:42:26.619084+00:00', '2026-03-29', '018b7027', '018b7027_0000', 'gwr_api', false),
(175, 'CH688828897756', 2, 'Affoltern am Albis', 'ZH', 'Tannrütistrasse', '11', '8910', 'Affoltern am Albis', 1004, 1020, 1121, 1973, 8015, 134.0, 2, 2676933.148, 1236281.1, '2021-03-15', '2001-11-29', '2026-03-29T17:42:26.619084+00:00', '2026-03-29', '018b7027', '018b7027_0000', 'gwr_api', false),
(176, 'CH167728898991', 2, 'Affoltern am Albis', 'ZH', 'Tannrütistrasse', '13', '8910', 'Affoltern am Albis', 1004, 1020, 1121, 1972, 8015, 133.0, 2, 2676925.24, 1236290.854, '2021-03-15', '2001-11-29', '2026-03-29T17:42:26.619084+00:00', '2026-03-29', '018b7027', '018b7027_0000', 'gwr_api', false),
(177, 'CH627788288982', 2, 'Affoltern am Albis', 'ZH', 'Tannrütistrasse', '15', '8910', 'Affoltern am Albis', 1004, 1020, 1110, 1973, 8015, 156.0, 1, 2676967.013, 1236269.23, '2023-03-01', '2001-11-29', '2026-03-29T17:42:26.619084+00:00', '2026-03-29', '018b7027', '018b7027_0000', 'gwr_api', false),
(178, 'CH618988287745', 2, 'Affoltern am Albis', 'ZH', 'Tannrütistrasse', '17', '8910', 'Affoltern am Albis', 1004, 1020, 1110, 1973, 8015, 135.0, 1, 2676957.516, 1236279.415, '2025-12-11', '2001-11-29', '2026-03-29T17:42:26.619084+00:00', '2026-03-29', '018b7027', '018b7027_0000', 'gwr_api', false),
(179, 'CH692877888978', 2, 'Affoltern am Albis', 'ZH', 'Tannrütistrasse', '19', '8910', 'Affoltern am Albis', 1004, 1020, 1110, 1972, 8015, 135.0, 1, 2676949.607, 1236289.166, '2025-12-11', '2001-11-29', '2026-03-29T17:42:26.619084+00:00', '2026-03-29', '018b7027', '018b7027_0000', 'gwr_api', false),
(180, 'CH278977892848', 2, 'Affoltern am Albis', 'ZH', 'Tannrütistrasse', '21', '8910', 'Affoltern am Albis', 1004, 1020, 1110, 1973, 8015, 135.0, 1, 2676941.719, 1236298.919, '2021-03-15', '2001-11-29', '2026-03-29T17:42:26.619084+00:00', '2026-03-29', '018b7027', '018b7027_0000', 'gwr_api', false),
(181, 'CH607789882819', 2, 'Affoltern am Albis', 'ZH', 'Tannrütistrasse', '9', '8910', 'Affoltern am Albis', 1004, 1020, 1110, 1973, 8015, 134.0, 1, 2676941.044, 1236271.337, '2025-12-11', '2001-11-29', '2026-03-29T17:42:26.619084+00:00', '2026-03-29', '018b7027', '018b7027_0000', 'gwr_api', false),
(182, 'CH467728898986', 2, 'Affoltern am Albis', 'ZH', 'Tannholzstrasse', '19a', '8910', 'Affoltern am Albis', 1004, 1020, 1122, 1982, 8016, 541.0, 6, 2676837.424, 1236368.923, '2021-03-15', '2001-11-29', '2026-03-29T17:42:26.619084+00:00', '2026-03-29', '018b7027', '018b7027_0000', 'gwr_api', false),
(185, 'CH492877898946', 2, 'Affoltern am Albis', 'ZH', 'Tannholzstrasse', '39', '8910', 'Affoltern am Albis', 1004, 1020, 1110, 1975, 8015, 185.0, 1, 2676873.404, 1236288.833, '2021-03-15', '2001-11-29', '2026-03-29T17:42:26.619084+00:00', '2026-03-29', '018b7027', '018b7027_0000', 'gwr_api', false),
(186, 'CH407789892884', 2, 'Affoltern am Albis', 'ZH', 'Tannholzstrasse', '41', '8910', 'Affoltern am Albis', 1004, 1020, 1110, 1975, 8015, 139.0, 1, 2676879.51, 1236278.387, '2025-12-11', '2001-11-29', '2026-03-29T17:42:26.619084+00:00', '2026-03-29', '018b7027', '018b7027_0000', 'gwr_api', false),
(187, 'CH418989287707', 2, 'Affoltern am Albis', 'ZH', 'Tannholzstrasse', '43', '8910', 'Affoltern am Albis', 1004, 1020, 1110, 1975, 8015, 153.0, 1, 2676888.575, 1236261.976, '2021-03-15', '2001-11-29', '2026-03-29T17:42:26.619084+00:00', '2026-03-29', '018b7027', '018b7027_0000', 'gwr_api', false),
(188, 'CH427789288944', 2, 'Affoltern am Albis', 'ZH', 'Tannholzstrasse', '45', '8910', 'Affoltern am Albis', 1004, 1020, 1110, 1975, 8015, 159.0, 1, 2676891.167, 1236252.245, '2025-12-11', '2001-11-29', '2026-03-29T17:42:26.619084+00:00', '2026-03-29', '018b7027', '018b7027_0000', 'gwr_api', false),
(189, 'CH348928778991', 2, 'Affoltern am Albis', 'ZH', 'Tannholzstrasse', '46', '8910', 'Affoltern am Albis', 1004, 1020, 1110, 1976, 8015, 403.0, 1, 2676791.572, 1236242.786, '2021-03-15', '2001-11-29', '2026-03-29T17:42:26.619084+00:00', '2026-03-29', '018b7027', '018b7027_0000', 'gwr_api', false),
(190, 'CH107789802819', 2, 'Affoltern am Albis', 'ZH', 'Mühlrütistrasse', '2', '8910', 'Affoltern am Albis', 1004, 1020, 1121, 1970, 8014, 177.0, 2, 2676813.714, 1236400.145, '2025-12-10', '2001-11-29', '2026-03-29T17:42:26.619084+00:00', '2026-03-29', '018b7027', '018b7027_0000', 'gwr_api', false),
(191, 'CH278977882851', 2, 'Affoltern am Albis', 'ZH', 'Mühlrütistrasse', '16', '8910', 'Affoltern am Albis', 1004, 1020, 1110, 1968, 8014, 139.0, 1, 2676920.7, 1236325.756, '2025-12-11', '2001-11-29', '2026-03-29T17:42:26.619084+00:00', '2026-03-29', '018b7027', '018b7027_0000', 'gwr_api', false),
(201, 'CH578977892843', 2, 'Affoltern am Albis', 'ZH', 'Tannholzstrasse', '25c', '8910', 'Affoltern am Albis', 1004, 1020, 1122, 1981, 8016, 540.0, 6, 2676867.017, 1236341.403, '2021-03-15', '2001-11-29', '2026-03-29T17:42:26.619084+00:00', '2026-03-29', '018b7027', '018b7027_0000', 'gwr_api', false),
(206, 'CH667728898423', 2, 'Affoltern am Albis', 'ZH', 'Tannholzstrasse', '37', '8910', 'Affoltern am Albis', 1004, 1020, 1122, 1975, 8015, 598.0, 6, 2676892.845, 1236308.452, '2023-09-16', '2001-11-29', '2026-03-29T17:42:26.619084+00:00', '2026-03-29', '018b7027', '018b7027_0000', 'gwr_api', false),
(207, 'CH748928777269', 2, 'Affoltern am Albis', 'ZH', 'Im Chrämerhoger', '5', '8910', 'Affoltern am Albis', 1004, 1030, 1110, 1978, 8015, 152.0, 1, 2676825.275, 1236489.77, '2025-12-11', '2001-11-29', '2026-03-29T17:42:26.619084+00:00', '2026-03-29', '018b7027', '018b7027_0000', 'gwr_api', false),
(208, 'CH857228778908', 2, 'Affoltern am Albis', 'ZH', 'Im Chrämerhoger', '2', '8910', 'Affoltern am Albis', 1004, 1020, 1110, 1981, 8016, 133.0, 1, 2676802.058, 1236467.683, '2024-05-07', '2001-11-29', '2026-03-29T17:42:26.619084+00:00', '2026-03-29', '018b7027', '018b7027_0000', 'gwr_api', false),
(209, 'CH707789722833', 2, 'Affoltern am Albis', 'ZH', 'Im Chrämerhoger', '8', '8910', 'Affoltern am Albis', 1004, 1020, 1110, 1978, 8015, 149.0, 1, 2676854.923, 1236458.35, '2023-05-25', '2001-11-29', '2026-03-29T17:42:26.619084+00:00', '2026-03-29', '018b7027', '018b7027_0000', 'gwr_api', false),
(210, 'CH348928778595', 2, 'Affoltern am Albis', 'ZH', 'Im Chrämerhoger', '10', '8910', 'Affoltern am Albis', 1004, 1020, 1110, 1978, 8015, 149.0, 1, 2676871.173, 1236477.13, '2021-03-15', '2001-11-29', '2026-03-29T17:42:26.619084+00:00', '2026-03-29', '018b7027', '018b7027_0000', 'gwr_api', false),
(211, 'CH992877728924', 2, 'Affoltern am Albis', 'ZH', 'Im Chrämerhoger', '12', '8910', 'Affoltern am Albis', 1004, 1020, 1110, 1978, 8015, 166.0, 1, 2676878.74, 1236491.775, '2025-12-11', '2001-11-29', '2026-03-29T17:42:26.619084+00:00', '2026-03-29', '018b7027', '018b7027_0000', 'gwr_api', false),
(212, 'CH792877728992', 2, 'Affoltern am Albis', 'ZH', 'Im Chrämerhoger', '7', '8910', 'Affoltern am Albis', 1004, 1020, 1110, 1977, 8015, 145.0, 1, 2676839.544, 1236494.488, '2023-09-16', '2001-11-29', '2026-03-29T17:42:26.619084+00:00', '2026-03-29', '018b7027', '018b7027_0000', 'gwr_api', false),
(214, 'CH392877828904', 2, 'Affoltern am Albis', 'ZH', 'Im Chrämerhoger', '20', '8910', 'Affoltern am Albis', 1004, 1020, 1110, NULL, 8016, 160.0, 1, 2676868.56, 1236561.873, '2026-02-20', '2001-11-29', '2026-03-29T17:42:26.619084+00:00', '2026-03-29', '018b7027', '018b7027_0000', 'gwr_api', false),
(215, 'CH378977722865', 2, 'Affoltern am Albis', 'ZH', 'Im Chrämerhoger', '16', '8910', 'Affoltern am Albis', 1004, 1020, 1110, 1980, 8015, 232.0, 1, 2676883.199, 1236539.908, '2025-12-10', '2001-11-29', '2026-03-29T17:42:26.619084+00:00', '2026-03-29', '018b7027', '018b7027_0000', 'gwr_api', false),
(216, 'CH888228897753', 2, 'Affoltern am Albis', 'ZH', 'Im Chrämerhoger', '14', '8910', 'Affoltern am Albis', 1004, 1020, 1110, 1980, 8015, 148.0, 1, 2676886.03, 1236524.109, '2022-06-14', '2001-11-29', '2026-03-29T17:42:26.619084+00:00', '2026-03-29', '018b7027', '018b7027_0000', 'gwr_api', false),
(217, 'CH727772288995', 2, 'Affoltern am Albis', 'ZH', 'Im Chrämerhoger', '1', '8910', 'Affoltern am Albis', 1004, 1020, 1110, 1979, 8015, 119.0, 1, 2676806.783, 1236518.79, '2021-03-15', '2001-11-29', '2026-03-29T17:42:26.619084+00:00', '2026-03-29', '018b7027', '018b7027_0000', 'gwr_api', false),
(218, 'CH732877897259', 2, 'Affoltern am Albis', 'ZH', 'Im Chrämerhoger', '3', '8910', 'Affoltern am Albis', 1004, 1020, 1110, 1979, 8015, 118.0, 1, 2676806.155, 1236507.465, '2023-09-16', '2001-11-29', '2026-03-29T17:42:26.619084+00:00', '2026-03-29', '018b7027', '018b7027_0000', 'gwr_api', false)
2026-03-29 17:45:15.627 | DEBUG    | src.utils.databricks_client:execute_sql:44 - SQL:
INSERT INTO workspace.dqa_realestate.bronze_gwr_buildings (egid, egrid, ggdenr, ggdename, gdekt, strname, deinr, plz4, plzname, gstat, gkat, gklas, gbauj, gbaup, garea, ganzwhg, gkode, gkodn, gdat, gdatns, _ingested_at, _ingestion_date, _run_id, _batch_id, _source, _is_full_load) VALUES (219, 'CH218998287791', 2, 'Affoltern am Albis', 'ZH', 'Oetlistal', '2', '8910', 'Affoltern am Albis', 1004, 1020, 1110, 1647, 8011, 54.0, 1, 2676886.012, 1236630.275, '2024-11-07', '2001-11-29', '2026-03-29T17:42:26.619084+00:00', '2026-03-29', '018b7027', '018b7027_0000', 'gwr_api', false),
(220, 'CH218998287791', 2, 'Affoltern am Albis', 'ZH', 'Oetlistal', '4', '8910', 'Affoltern am Albis', 1004, 1020, 1110, 1647, 8011, 48.0, 1, 2676884.894, 1236634.5, '2024-11-07', '2001-11-29', '2026-03-29T17:42:26.619084+00:00', '2026-03-29', '018b7027', '018b7027_0000', 'gwr_api', false),
(221, 'CH218998287791', 2, 'Affoltern am Albis', 'ZH', 'Oetlistal', '6', '8910', 'Affoltern am Albis', 1004, 1020, 1110, 1647, 8011, 138.0, 1, 2676881.848, 1236642.626, '2024-11-07', '2001-11-29', '2026-03-29T17:42:26.619084+00:00', '2026-03-29', '018b7027', '018b7027_0000', 'gwr_api', false),
(222, 'CH487828897706', 2, 'Affoltern am Albis', 'ZH', 'Jonentalstrasse', '14', '8910', 'Affoltern am Albis', 1004, 1020, 1110, 1840, 8011, 87.0, 1, 2676901.379, 1236654.474, '2025-12-11', '2001-11-29', '2026-03-29T17:42:26.619084+00:00', '2026-03-29', '018b7027', '018b7027_0000', 'gwr_api', false),
(223, 'CH978977822825', 2, 'Affoltern am Albis', 'ZH', 'Jonentalstrasse', '17', '8910', 'Affoltern am Albis', 1004, 1020, 1122, 1971, 8015, 204.0, 9, 2676957.377, 1236636.093, '2025-12-11', '2001-11-29', '2026-03-29T17:42:26.619084+00:00', '2026-03-29', '018b7027', '018b7027_0000', 'gwr_api', false),
(224, 'CH978977822825', 2, 'Affoltern am Albis', 'ZH', 'Jonentalstrasse', '19', '8910', 'Affoltern am Albis', 1004, 1020, 1122, 1971, 8015, 188.0, 6, 2676970.151, 1236647.66, '2021-03-15', '2001-11-29', '2026-03-29T17:42:26.619084+00:00', '2026-03-29', '018b7027', '018b7027_0000', 'gwr_api', false),
(225, 'CH978977822825', 2, 'Affoltern am Albis', 'ZH', 'Jonentalstrasse', '21', '8910', 'Affoltern am Albis', 1004, 1020, 1122, 1971, 8015, 204.0, 9, 2676984.228, 1236613.445, '2021-03-15', '2001-11-29', '2026-03-29T17:42:26.619084+00:00', '2026-03-29', '018b7027', '018b7027_0000', 'gwr_api', false),
(226, 'CH978977822825', 2, 'Affoltern am Albis', 'ZH', 'Jonentalstrasse', '23', '8910', 'Affoltern am Albis', 1004, 1020, 1122, 1971, 8015, 189.0, 6, 2676994.002, 1236626.196, '2025-12-11', '2001-11-29', '2026-03-29T17:42:26.619084+00:00', '2026-03-29', '018b7027', '018b7027_0000', 'gwr_api', false),
(227, 'CH867728898254', 2, 'Affoltern am Albis', 'ZH', 'Jonentalstrasse', '13', '8910', 'Affoltern am Albis', 1004, 1020, 1122, 1985, 8016, 255.0, 7, 2676929.018, 1236669.55, '2025-02-24', '2001-11-29', '2026-03-29T17:42:26.619084+00:00', '2026-03-29', '018b7027', '018b7027_0000', 'gwr_api', false),
(229, 'CH232877897235', 2, 'Affoltern am Albis', 'ZH', 'Oetlistal', '11', '8910', 'Affoltern am Albis', 1004, 1020, 1110, 1981, 8016, 96.0, 1, 2676838.815, 1236587.295, '2025-12-11', '2001-11-29', '2026-03-29T17:42:26.619084+00:00', '2026-03-29', '018b7027', '018b7027_0000', 'gwr_api', false),
(230, 'CH232877897235', 2, 'Affoltern am Albis', 'ZH', 'Oetlistal', '17', '8910', 'Affoltern am Albis', 1004, 1020, 1110, 1981, 8016, 194.0, 1, 2676831.122, 1236571.943, '2025-09-04', '2001-11-29', '2026-03-29T17:42:26.619084+00:00', '2026-03-29', '018b7027', '018b7027_0000', 'gwr_api', false),
(231, 'CH232877897235', 2, 'Affoltern am Albis', 'ZH', 'Oetlistal', '15', '8910', 'Affoltern am Albis', 1004, 1020, 1110, 1981, 8016, 162.0, 1, 2676822.72, 1236581.917, '2025-12-11', '2001-11-29', '2026-03-29T17:42:26.619084+00:00', '2026-03-29', '018b7027', '018b7027_0000', 'gwr_api', false),
(232, 'CH232877897235', 2, 'Affoltern am Albis', 'ZH', 'Oetlistal', '13', '8910', 'Affoltern am Albis', 1004, 1020, 1110, 1981, 8016, 136.0, 1, 2676843.92, 1236580.397, '2025-12-10', '2001-11-29', '2026-03-29T17:42:26.619084+00:00', '2026-03-29', '018b7027', '018b7027_0000', 'gwr_api', false),
(233, 'CH232877897235', 2, 'Affoltern am Albis', 'ZH', 'Oetlistal', '19', '8910', 'Affoltern am Albis', 1004, 1020, 1110, 1981, 8016, 81.0, 1, 2676814.665, 1236575.183, '2025-09-04', '2001-11-29', '2026-03-29T17:42:26.619084+00:00', '2026-03-29', '018b7027', '018b7027_0000', 'gwr_api', false),
(234, 'CH232877897235', 2, 'Affoltern am Albis', 'ZH', 'Oetlistal', '21', '8910', 'Affoltern am Albis', 1004, 1020, 1110, 1981, 8016, 92.0, 1, 2676817.745, 1236566.477, '2025-09-04', '2001-11-29', '2026-03-29T17:42:26.619084+00:00', '2026-03-29', '018b7027', '018b7027_0000', 'gwr_api', false),
(235, 'CH232877897235', 2, 'Affoltern am Albis', 'ZH', 'Oetlistal', '9', '8910', 'Affoltern am Albis', 1004, 1020, 1110, 1981, 8016, 129.0, 1, 2676833.872, 1236594.347, '2025-12-11', '2001-11-29', '2026-03-29T17:42:26.619084+00:00', '2026-03-29', '018b7027', '018b7027_0000', 'gwr_api', false),
(236, 'CH478977932865', 2, 'Affoltern am Albis', 'ZH', 'Jonentalstrasse', '11', '8910', 'Affoltern am Albis', 1004, 1020, 1121, 1840, 8011, 100.0, 2, 2676916.633, 1236694.109, '2024-05-03', '2001-11-29', '2026-03-29T17:42:26.619084+00:00', '2026-03-29', '018b7027', '018b7027_0000', 'gwr_api', false),
(237, 'CH448928779848', 2, 'Affoltern am Albis', 'ZH', 'Jonentalstrasse', '7', '8910', 'Affoltern am Albis', 1004, 1020, 1110, 1995, 8018, 64.0, 1, 2676911.757, 1236705.438, '2025-12-11', '2001-11-29', '2026-03-29T17:42:26.619084+00:00', '2026-03-29', '018b7027', '018b7027_0000', 'gwr_api', false),
(238, 'CH988228897719', 2, 'Affoltern am Albis', 'ZH', 'Jonentalstrasse', '16', '8910', 'Affoltern am Albis', 1004, 1020, 1110, NULL, 8011, 115.0, 1, 2676918.692, 1236627.176, '2025-12-23', '2001-11-29', '2026-03-29T17:42:26.619084+00:00', '2026-03-29', '018b7027', '018b7027_0000', 'gwr_api', false),
(239, 'CH978977722855', 2, 'Affoltern am Albis', 'ZH', 'Im Chrämerhoger', '6', '8910', 'Affoltern am Albis', 1004, 1020, 1110, 1977, 8015, 144.0, 1, 2676829.152, 1236452.017, '2025-12-11', '2001-11-29', '2026-03-29T17:42:26.619084+00:00', '2026-03-29', '018b7027', '018b7027_0000', 'gwr_api', false),
(240, 'CH357028778938', 2, 'Affoltern am Albis', 'ZH', 'Oetlistal', '1', '8910', 'Affoltern am Albis', 1004, 1030, 1110, 1820, 8011, 94.0, 1, 2676900.792, 1236594.778, '2025-12-11', '2001-11-29', '2026-03-29T17:42:26.619084+00:00', '2026-03-29', '018b7027', '018b7027_0000', 'gwr_api', false),
(241, 'CH248928770812', 2, 'Affoltern am Albis', 'ZH', 'Jonentalstrasse', '25', '8910', 'Affoltern am Albis', 1004, 1020, 1110, 1946, 8013, 100.0, 1, 2677041.75, 1236603.342, '2021-04-29', '2001-11-29', '2026-03-29T17:42:26.619084+00:00', '2026-03-29', '018b7027', '018b7027_0000', 'gwr_api', false),
(242, 'CH907789862820', 2, 'Affoltern am Albis', 'ZH', 'Jonentalstrasse', '27', '8910', 'Affoltern am Albis', 1004, 1020, 1110, 1970, 8014, 219.0, 1, 2677081.168, 1236591.674, '2025-12-11', '2001-11-29', '2026-03-29T17:42:26.619084+00:00', '2026-03-29', '018b7027', '018b7027_0000', 'gwr_api', false),
(243, 'CH227772288971', 2, 'Affoltern am Albis', 'ZH', 'Oetlistal', '23', '8910', 'Affoltern am Albis', 1004, 1020, 1122, 1981, 8016, 403.0, 7, 2676787.479, 1236567.99, '2025-12-11', '2001-11-29', '2026-03-29T17:42:26.619084+00:00', '2026-03-29', '018b7027', '018b7027_0000', 'gwr_api', false),
(244, 'CH878977832856', 2, 'Affoltern am Albis', 'ZH', 'Pfruendhofstrasse', '1', '8910', 'Affoltern am Albis', 1004, 1020, 1110, 1980, 8015, 73.0, 1, 2677141.539, 1236635.575, '2025-12-11', '2001-11-29', '2026-03-29T17:42:26.619084+00:00', '2026-03-29', '018b7027', '018b7027_0000', 'gwr_api', false),
(245, 'CH867728898155', 2, 'Affoltern am Albis', 'ZH', 'Pfruendhofstrasse', '3', '8910', 'Affoltern am Albis', 1004, 1020, 1110, 1980, 8015, 70.0, 1, 2677145.326, 1236631.598, '2025-12-11', '2001-11-29', '2026-03-29T17:42:26.619084+00:00', '2026-03-29', '018b7027', '018b7027_0000', 'gwr_api', false),
(246, 'CH978977812828', 2, 'Affoltern am Albis', 'ZH', 'Pfruendhofstrasse', '5', '8910', 'Affoltern am Albis', 1004, 1020, 1110, 1979, 8015, 70.0, 1, 2677149.048, 1236627.686, '2025-12-11', '2001-11-29', '2026-03-29T17:42:26.619084+00:00', '2026-03-29', '018b7027', '018b7027_0000', 'gwr_api', false),
(247, 'CH988128897746', 2, 'Affoltern am Albis', 'ZH', 'Pfruendhofstrasse', '7', '8910', 'Affoltern am Albis', 1004, 1020, 1110, 1980, 8015, 70.0, 1, 2677152.77, 1236623.774, '2025-12-11', '2001-11-29', '2026-03-29T17:42:26.619084+00:00', '2026-03-29', '018b7027', '018b7027_0000', 'gwr_api', false),
(248, 'CH992877818994', 2, 'Affoltern am Albis', 'ZH', 'Pfruendhofstrasse', '9', '8910', 'Affoltern am Albis', 1004, 1020, 1110, 1980, 8015, 70.0, 1, 2677156.493, 1236619.862, '2021-03-15', '2001-11-29', '2026-03-29T17:42:26.619084+00:00', '2026-03-29', '018b7027', '018b7027_0000', 'gwr_api', false),
(249, 'CH907789812835', 2, 'Affoltern am Albis', 'ZH', 'Pfruendhofstrasse', '11', '8910', 'Affoltern am Albis', 1004, 1020, 1110, 1979, 8015, 73.0, 1, 2677160.284, 1236615.884, '2025-12-11', '2001-11-29', '2026-03-29T17:42:26.619084+00:00', '2026-03-29', '018b7027', '018b7027_0000', 'gwr_api', false),
(250, 'CH918981287706', 2, 'Affoltern am Albis', 'ZH', 'Pfruendhofstrasse', '13', '8910', 'Affoltern am Albis', 1004, 1020, 1110, 1980, 8015, 73.0, 1, 2677188.659, 1236633.286, '2021-03-15', '2001-11-29', '2026-03-29T17:42:26.619084+00:00', '2026-03-29', '018b7027', '018b7027_0000', 'gwr_api', false),
(251, 'CH927781288943', 2, 'Affoltern am Albis', 'ZH', 'Pfruendhofstrasse', '15', '8910', 'Affoltern am Albis', 1004, 1020, 1110, 1979, 8015, 70.0, 1, 2677191.196, 1236628.119, '2025-12-10', '2001-11-29', '2026-03-29T17:42:26.619084+00:00', '2026-03-29', '018b7027', '018b7027_0000', 'gwr_api', false),
(252, 'CH932877898179', 2, 'Affoltern am Albis', 'ZH', 'Pfruendhofstrasse', '17', '8910', 'Affoltern am Albis', 1004, 1020, 1110, 1980, 8015, 70.0, 1, 2677194.87, 1236624.16, '2025-12-11', '2001-11-29', '2026-03-29T17:42:26.619084+00:00', '2026-03-29', '018b7027', '018b7027_0000', 'gwr_api', false),
(253, 'CH948928778189', 2, 'Affoltern am Albis', 'ZH', 'Pfruendhofstrasse', '19', '8910', 'Affoltern am Albis', 1004, 1020, 1110, 1979, 8015, 70.0, 1, 2677198.635, 1236620.291, '2025-12-11', '2001-11-29', '2026-03-29T17:42:26.619084+00:00', '2026-03-29', '018b7027', '018b7027_0000', 'gwr_api', false),
(254, 'CH958128778922', 2, 'Affoltern am Albis', 'ZH', 'Pfruendhofstrasse', '21', '8910', 'Affoltern am Albis', 1004, 1020, 1110, 1979, 8015, 70.0, 1, 2677203.655, 1236617.614, '2025-12-11', '2001-11-29', '2026-03-29T17:42:26.619084+00:00', '2026-03-29', '018b7027', '018b7027_0000', 'gwr_api', false),
(255, 'CH967728898121', 2, 'Affoltern am Albis', 'ZH', 'Pfruendhofstrasse', '23', '8910', 'Affoltern am Albis', 1004, 1020, 1110, 1979, 8015, 73.0, 1, 2677208.704, 1236614.829, '2021-03-15', '2001-11-29', '2026-03-29T17:42:26.619084+00:00', '2026-03-29', '018b7027', '018b7027_0000', 'gwr_api', false),
(256, 'CH288228897763', 2, 'Affoltern am Albis', 'ZH', 'Pfruendhofstrasse', '25', '8910', 'Affoltern am Albis', 1004, 1020, 1122, 1981, 8016, 162.0, 3, 2677172.756, 1236646.587, '2025-07-11', '2001-11-29', '2026-03-29T17:42:26.619084+00:00', '2026-03-29', '018b7027', '018b7027_0000', 'gwr_api', false),
(257, 'CH288228897763', 2, 'Affoltern am Albis', 'ZH', 'Pfruendhofstrasse', '27', '8910', 'Affoltern am Albis', 1004, 1020, 1122, 1981, 8016, 226.0, 8, 2677166.862, 1236660.588, '2025-07-11', '2001-11-29', '2026-03-29T17:42:26.619084+00:00', '2026-03-29', '018b7027', '018b7027_0000', 'gwr_api', false),
(258, 'CH288228897763', 2, 'Affoltern am Albis', 'ZH', 'Pfruendhofstrasse', '29', '8910', 'Affoltern am Albis', 1004, 1020, 1122, 1981, 8016, 253.0, 6, 2677165.241, 1236678.227, '2025-07-11', '2001-11-29', '2026-03-29T17:42:26.619084+00:00', '2026-03-29', '018b7027', '018b7027_0000', 'gwr_api', false),
(259, 'CH318981287716', 2, 'Affoltern am Albis', 'ZH', 'Pfruendhofstrasse', '26', '8910', 'Affoltern am Albis', 1004, 1020, 1110, 1981, 8016, 117.0, 1, 2677095.168, 1236690.051, '2023-11-29', '2001-11-29', '2026-03-29T17:42:26.619084+00:00', '2026-03-29', '018b7027', '018b7027_0000', 'gwr_api', false),
(260, 'CH307789812845', 2, 'Affoltern am Albis', 'ZH', 'Pfruendhofstrasse', '28', '8910', 'Affoltern am Albis', 1004, 1020, 1110, 1981, 8016, 93.0, 1, 2677099.542, 1236683.285, '2021-03-15', '2001-11-29', '2026-03-29T17:42:26.619084+00:00', '2026-03-29', '018b7027', '018b7027_0000', 'gwr_api', false),
(261, 'CH388128897756', 2, 'Affoltern am Albis', 'ZH', 'Pfruendhofstrasse', '30', '8910', 'Affoltern am Albis', 1004, 1020, 1110, 1981, 8016, 112.0, 1, 2677116.836, 1236676.17, '2025-12-10', '2001-11-29', '2026-03-29T17:42:26.619084+00:00', '2026-03-29', '018b7027', '018b7027_0000', 'gwr_api', false),
(262, 'CH589828897714', 2, 'Affoltern am Albis', 'ZH', 'Pfruendhofstrasse', '64', '8910', 'Affoltern am Albis', 1004, 1020, 1121, 1847, 8011, 222.0, 2, 2676923.537, 1236777.445, '2021-03-15', '2001-11-29', '2026-03-29T17:42:26.619084+00:00', '2026-03-29', '018b7027', '018b7027_0000', 'gwr_api', false),
(263, 'CH758328778936', 2, 'Affoltern am Albis', 'ZH', 'Pfruendhofstrasse', '44', '8910', 'Affoltern am Albis', 1004, 1020, 1122, 1983, 8016, 250.0, 6, 2677025.501, 1236653.525, '2021-03-15', '2001-11-29', '2026-03-29T17:42:26.619084+00:00', '2026-03-29', '018b7027', '018b7027_0000', 'gwr_api', false),
(264, 'CH758328778936', 2, 'Affoltern am Albis', 'ZH', 'Pfruendhofstrasse', '46', '8910', 'Affoltern am Albis', 1004, 1020, 1122, 1983, 8016, 266.0, 8, 2677008.934, 1236667.237, '2021-03-15', '2001-11-29', '2026-03-29T17:42:26.619084+00:00', '2026-03-29', '018b7027', '018b7027_0000', 'gwr_api', false),
(265, 'CH758328778936', 2, 'Affoltern am Albis', 'ZH', 'Pfruendhofstrasse', '48', '8910', 'Affoltern am Albis', 1004, 1020, 1122, 1983, 8016, 310.0, 6, 2677040.069, 1236680.303, '2021-03-15', '2001-11-29', '2026-03-29T17:42:26.619084+00:00', '2026-03-29', '018b7027', '018b7027_0000', 'gwr_api', false),
(266, 'CH758328778936', 2, 'Affoltern am Albis', 'ZH', 'Pfruendhofstrasse', '50', '8910', 'Affoltern am Albis', 1004, 1020, 1122, 1983, 8016, 279.0, 6, 2677009.066, 1236697.431, '2021-03-15', '2001-11-29', '2026-03-29T17:42:26.619084+00:00', '2026-03-29', '018b7027', '018b7027_0000', 'gwr_api', false),
(267, 'CH758328778936', 2, 'Affoltern am Albis', 'ZH', 'Pfruendhofstrasse', '52', '8910', 'Affoltern am Albis', 1004, 1020, 1122, 1983, 8016, 229.0, 7, 2676981.166, 1236692.256, '2021-03-15', '2001-11-29', '2026-03-29T17:42:26.619084+00:00', '2026-03-29', '018b7027', '018b7027_0000', 'gwr_api', false),
(268, 'CH758328778936', 2, 'Affoltern am Albis', 'ZH', 'Pfruendhofstrasse', '54', '8910', 'Affoltern am Albis', 1004, 1020, 1122, 1983, 8016, 268.0, 6, 2676966.253, 1236705.348, '2021-03-15', '2001-11-29', '2026-03-29T17:42:26.619084+00:00', '2026-03-29', '018b7027', '018b7027_0000', 'gwr_api', false),
(269, 'CH758328778936', 2, 'Affoltern am Albis', 'ZH', 'Pfruendhofstrasse', '56', '8910', 'Affoltern am Albis', 1004, 1020, 1121, 1983, 8016, 145.0, 2, 2676946.354, 1236726.945, '2021-03-15', '2001-11-29', '2026-03-29T17:42:26.619084+00:00', '2026-03-29', '018b7027', '018b7027_0000', 'gwr_api', false)
2026-03-29 17:45:18.492 | DEBUG    | src.utils.databricks_client:execute_sql:44 - SQL:
INSERT INTO workspace.dqa_realestate.bronze_gwr_buildings (egid, egrid, ggdenr, ggdename, gdekt, strname, deinr, plz4, plzname, gstat, gkat, gklas, gbauj, gbaup, garea, ganzwhg, gkode, gkodn, gdat, gdatns, _ingested_at, _ingestion_date, _run_id, _batch_id, _source, _is_full_load) VALUES (270, 'CH758328778936', 2, 'Affoltern am Albis', 'ZH', 'Pfruendhofstrasse', '58', '8910', 'Affoltern am Albis', 1004, 1020, 1121, 1983, 8016, 150.0, 2, 2676967.195, 1236736.603, '2021-03-15', '2001-11-29', '2026-03-29T17:42:26.619084+00:00', '2026-03-29', '018b7027', '018b7027_0000', 'gwr_api', false),
(271, 'CH758328778936', 2, 'Affoltern am Albis', 'ZH', 'Pfruendhofstrasse', '60', '8910', 'Affoltern am Albis', 1004, 1020, 1122, 1983, 8016, 191.0, 8, 2676957.963, 1236745.853, '2021-03-15', '2001-11-29', '2026-03-29T17:42:26.619084+00:00', '2026-03-29', '018b7027', '018b7027_0000', 'gwr_api', false),
(272, 'CH758328778936', 2, 'Affoltern am Albis', 'ZH', 'Pfruendhofstrasse', '62', '8910', 'Affoltern am Albis', 1004, 1020, 1121, 1983, 8016, 150.0, 2, 2676952.829, 1236758.222, '2021-03-15', '2001-11-29', '2026-03-29T17:42:26.619084+00:00', '2026-03-29', '018b7027', '018b7027_0000', 'gwr_api', false),
(273, 'CH818985287704', 2, 'Affoltern am Albis', 'ZH', 'Obere Kirchfeldstrasse', '9', '8910', 'Affoltern am Albis', 1004, 1020, 1110, 1990, 8017, 69.0, 1, 2677013.758, 1236815.905, '2021-03-15', '2001-11-29', '2026-03-29T17:42:26.619084+00:00', '2026-03-29', '018b7027', '018b7027_0000', 'gwr_api', false),
(274, 'CH818985287704', 2, 'Affoltern am Albis', 'ZH', 'Obere Kirchfeldstrasse', '11', '8910', 'Affoltern am Albis', 1004, 1020, 1110, 1990, 8017, 69.0, 1, 2677020.995, 1236814.81, '2023-03-01', '2001-11-29', '2026-03-29T17:42:26.619084+00:00', '2026-03-29', '018b7027', '018b7027_0000', 'gwr_api', false),
(275, 'CH827778288907', 2, 'Affoltern am Albis', 'ZH', 'Obere Kirchfeldstrasse', '10', '8910', 'Affoltern am Albis', 1004, 1020, 1110, 1907, 8011, 134.0, 1, 2676980.279, 1236815.675, '2021-03-15', '2001-11-29', '2026-03-29T17:42:26.619084+00:00', '2026-03-29', '018b7027', '018b7027_0000', 'gwr_api', false),
(276, 'CH978977782837', 2, 'Affoltern am Albis', 'ZH', 'Obere Kirchfeldstrasse', '13', '8910', 'Affoltern am Albis', 1004, 1020, 1121, 1905, 8011, 112.0, 2, 2677004.1, 1236794.979, '2025-12-11', '2001-11-29', '2026-03-29T17:42:26.619084+00:00', '2026-03-29', '018b7027', '018b7027_0000', 'gwr_api', false),
(277, 'CH987828897730', 2, 'Affoltern am Albis', 'ZH', 'Obere Kirchfeldstrasse', '15', '8910', 'Affoltern am Albis', 1004, 1020, 1110, 1934, 8012, 88.0, 1, 2677014.722, 1236759.194, '2021-04-14', '2001-11-29', '2026-03-29T17:42:26.619084+00:00', '2026-03-29', '018b7027', '018b7027_0000', 'gwr_api', false),
(278, 'CH232877897928', 2, 'Affoltern am Albis', 'ZH', 'Obere Kirchfeldstrasse', '16', '8910', 'Affoltern am Albis', 1004, 1020, 1110, 1957, 8013, 87.0, 1, 2676995.389, 1236725.988, '2025-12-11', '2001-11-29', '2026-03-29T17:42:26.619084+00:00', '2026-03-29', '018b7027', '018b7027_0000', 'gwr_api', false),
(279, 'CH607789702873', 2, 'Affoltern am Albis', 'ZH', 'Obere Kirchfeldstrasse', '17', '8910', 'Affoltern am Albis', 1004, 1020, 1110, 1957, 8013, 117.0, 1, 2677024.013, 1236734.538, '2025-12-11', '2001-11-29', '2026-03-29T17:42:26.619084+00:00', '2026-03-29', '018b7027', '018b7027_0000', 'gwr_api', false),
(280, 'CH348928778102', 2, 'Affoltern am Albis', 'ZH', 'Semperweg', '10', '8910', 'Affoltern am Albis', 1004, 1020, 1110, 1981, 8016, 120.0, 1, 2677050.927, 1236720.788, '2021-03-15', '2001-11-29', '2026-03-29T17:42:26.619084+00:00', '2026-03-29', '018b7027', '018b7027_0000', 'gwr_api', false),
(281, 'CH332877898189', 2, 'Affoltern am Albis', 'ZH', 'Semperweg', '8', '8910', 'Affoltern am Albis', 1004, 1020, 1110, 1981, 8016, 129.0, 1, 2677065.885, 1236709.165, '2025-12-11', '2001-11-29', '2026-03-29T17:42:26.619084+00:00', '2026-03-29', '018b7027', '018b7027_0000', 'gwr_api', false),
(282, 'CH327781288953', 2, 'Affoltern am Albis', 'ZH', 'Semperweg', '6', '8910', 'Affoltern am Albis', 1004, 1020, 1110, 1981, 8016, 90.0, 1, 2677080.729, 1236698.661, '2021-03-15', '2001-11-29', '2026-03-29T17:42:26.619084+00:00', '2026-03-29', '018b7027', '018b7027_0000', 'gwr_api', false),
(283, 'CH507789832868', 2, 'Affoltern am Albis', 'ZH', 'Semperweg', '1', '8910', 'Affoltern am Albis', 1004, 1020, 1110, 1986, 8017, 110.0, 1, 2677110.837, 1236641.607, '2022-07-27', '2001-11-29', '2026-03-29T17:42:26.619084+00:00', '2026-03-29', '018b7027', '018b7027_0000', 'gwr_api', false),
(284, 'CH488128897722', 2, 'Affoltern am Albis', 'ZH', 'Butzenstrasse', '10', '8910', 'Affoltern am Albis', 1004, 1020, 1110, 1981, 8016, 74.0, 1, 2677164.284, 1236740.505, '2025-12-11', '2001-11-29', '2026-03-29T17:42:26.619084+00:00', '2026-03-29', '018b7027', '018b7027_0000', 'gwr_api', false),
(285, 'CH492877818970', 2, 'Affoltern am Albis', 'ZH', 'Butzenstrasse', '12', '8910', 'Affoltern am Albis', 1004, 1020, 1110, 1981, 8016, 70.0, 1, 2677168.132, 1236736.488, '2025-12-11', '2001-11-29', '2026-03-29T17:42:26.619084+00:00', '2026-03-29', '018b7027', '018b7027_0000', 'gwr_api', false),
(286, 'CH407789812811', 2, 'Affoltern am Albis', 'ZH', 'Butzenstrasse', '14', '8910', 'Affoltern am Albis', 1004, 1020, 1110, 1981, 8016, 70.0, 1, 2677171.865, 1236732.585, '2025-12-11', '2001-11-29', '2026-03-29T17:42:26.619084+00:00', '2026-03-29', '018b7027', '018b7027_0000', 'gwr_api', false),
(287, 'CH418981287779', 2, 'Affoltern am Albis', 'ZH', 'Butzenstrasse', '16', '8910', 'Affoltern am Albis', 1004, 1030, 1110, 1981, 8016, 70.0, 1, 2677175.599, 1236728.684, '2025-12-11', '2001-11-29', '2026-03-29T17:42:26.619084+00:00', '2026-03-29', '018b7027', '018b7027_0000', 'gwr_api', false),
(288, 'CH427781288919', 2, 'Affoltern am Albis', 'ZH', 'Butzenstrasse', '18', '8910', 'Affoltern am Albis', 1004, 1020, 1110, 1981, 8016, 70.0, 1, 2677179.333, 1236724.783, '2025-12-11', '2001-11-29', '2026-03-29T17:42:26.619084+00:00', '2026-03-29', '018b7027', '018b7027_0000', 'gwr_api', false),
(289, 'CH432877898155', 2, 'Affoltern am Albis', 'ZH', 'Butzenstrasse', '20', '8910', 'Affoltern am Albis', 1004, 1020, 1110, 1981, 8016, 73.0, 1, 2677183.131, 1236720.818, '2025-12-10', '2001-11-29', '2026-03-29T17:42:26.619084+00:00', '2026-03-29', '018b7027', '018b7027_0000', 'gwr_api', false),
(290, 'CH167728898201', 2, 'Affoltern am Albis', 'ZH', 'Butzenstrasse', '22', '8910', 'Affoltern am Albis', 1004, 1020, 1122, 1983, 8016, 209.0, 6, 2677195.299, 1236704.713, '2025-06-06', '2001-11-29', '2026-03-29T17:42:26.619084+00:00', '2026-03-29', '018b7027', '018b7027_0000', 'gwr_api', false),
(291, 'CH167728898201', 2, 'Affoltern am Albis', 'ZH', 'Butzenstrasse', '24', '8910', 'Affoltern am Albis', 1004, 1020, 1122, 1983, 8016, 209.0, 6, 2677196.818, 1236689.328, '2025-06-06', '2001-11-29', '2026-03-29T17:42:26.619084+00:00', '2026-03-29', '018b7027', '018b7027_0000', 'gwr_api', false),
(292, 'CH278977822869', 2, 'Affoltern am Albis', 'ZH', 'Butzenstrasse', '26', '8910', 'Affoltern am Albis', 1004, 1020, 1122, 1982, 8016, 221.0, 6, 2677205.833, 1236661.249, '2025-07-11', '2001-11-29', '2026-03-29T17:42:26.619084+00:00', '2026-03-29', '018b7027', '018b7027_0000', 'gwr_api', false),
(293, 'CH278977822869', 2, 'Affoltern am Albis', 'ZH', 'Butzenstrasse', '28', '8910', 'Affoltern am Albis', 1004, 1020, 1122, 1982, 8016, 161.0, 6, 2677219.771, 1236662.448, '2025-07-11', '2001-11-29', '2026-03-29T17:42:26.619084+00:00', '2026-03-29', '018b7027', '018b7027_0000', 'gwr_api', false),
(294, 'CH278977822869', 2, 'Affoltern am Albis', 'ZH', 'Butzenstrasse', '30', '8910', 'Affoltern am Albis', 1004, 1020, 1122, 1982, 8016, 223.0, 6, 2677233.713, 1236663.954, '2025-07-11', '2001-11-29', '2026-03-29T17:42:26.619084+00:00', '2026-03-29', '018b7027', '018b7027_0000', 'gwr_api', false),
(295, 'CH748928778259', 2, 'Affoltern am Albis', 'ZH', 'Butzenstrasse', '32', '8910', 'Affoltern am Albis', 1004, 1020, 1110, 1981, 8016, 73.0, 1, 2677250.571, 1236650.164, '2025-12-11', '2001-11-29', '2026-03-29T17:42:26.619084+00:00', '2026-03-29', '018b7027', '018b7027_0000', 'gwr_api', false),
(296, 'CH448928778165', 2, 'Affoltern am Albis', 'ZH', 'Butzenstrasse', '34', '8910', 'Affoltern am Albis', 1004, 1020, 1110, 1981, 8016, 70.0, 1, 2677254.367, 1236646.19, '2025-12-10', '2001-11-29', '2026-03-29T17:42:26.619084+00:00', '2026-03-29', '018b7027', '018b7027_0000', 'gwr_api', false),
(297, 'CH458128778995', 2, 'Affoltern am Albis', 'ZH', 'Butzenstrasse', '36', '8910', 'Affoltern am Albis', 1004, 1020, 1110, 1981, 8016, 70.0, 1, 2677258.101, 1236642.288, '2025-12-11', '2001-11-29', '2026-03-29T17:42:26.619084+00:00', '2026-03-29', '018b7027', '018b7027_0000', 'gwr_api', false),
(298, 'CH467728898194', 2, 'Affoltern am Albis', 'ZH', 'Butzenstrasse', '38', '8910', 'Affoltern am Albis', 1004, 1020, 1110, 1981, 8016, 73.0, 1, 2677261.899, 1236638.322, '2025-12-11', '2001-11-29', '2026-03-29T17:42:26.619084+00:00', '2026-03-29', '018b7027', '018b7027_0000', 'gwr_api', false),
(299, 'CH578977812867', 2, 'Affoltern am Albis', 'ZH', 'Butzenstrasse', '40', '8910', 'Affoltern am Albis', 1004, 1020, 1110, 1981, 8016, 73.0, 1, 2677268.482, 1236634.029, '2021-03-15', '2001-11-29', '2026-03-29T17:42:26.619084+00:00', '2026-03-29', '018b7027', '018b7027_0000', 'gwr_api', false),
(300, 'CH588128897785', 2, 'Affoltern am Albis', 'ZH', 'Butzenstrasse', '42', '8910', 'Affoltern am Albis', 1004, 1020, 1110, 1981, 8016, 70.0, 1, 2677272.289, 1236630.065, '2025-12-11', '2001-11-29', '2026-03-29T17:42:26.619084+00:00', '2026-03-29', '018b7027', '018b7027_0000', 'gwr_api', false),
(301, 'CH592877818936', 2, 'Affoltern am Albis', 'ZH', 'Butzenstrasse', '44', '8910', 'Affoltern am Albis', 1004, 1020, 1110, 1981, 8016, 70.0, 1, 2677276.022, 1236626.164, '2025-12-11', '2001-11-29', '2026-03-29T17:42:26.619084+00:00', '2026-03-29', '018b7027', '018b7027_0000', 'gwr_api', false),
(302, 'CH507789812874', 2, 'Affoltern am Albis', 'ZH', 'Butzenstrasse', '46', '8910', 'Affoltern am Albis', 1004, 1020, 1110, 1908, 8011, 70.0, 1, 2677279.756, 1236622.263, '2025-12-11', '2001-11-29', '2026-03-29T17:42:26.619084+00:00', '2026-03-29', '018b7027', '018b7027_0000', 'gwr_api', false),
(303, 'CH518981287745', 2, 'Affoltern am Albis', 'ZH', 'Butzenstrasse', '48', '8910', 'Affoltern am Albis', 1004, 1020, 1110, 1981, 8016, 70.0, 1, 2677283.489, 1236618.361, '2021-03-15', '2001-11-29', '2026-03-29T17:42:26.619084+00:00', '2026-03-29', '018b7027', '018b7027_0000', 'gwr_api', false),
(304, 'CH527781288982', 2, 'Affoltern am Albis', 'ZH', 'Butzenstrasse', '50', '8910', 'Affoltern am Albis', 1004, 1020, 1110, 1981, 8016, 70.0, 1, 2677287.223, 1236614.46, '2021-03-15', '2001-11-29', '2026-03-29T17:42:26.619084+00:00', '2026-03-29', '018b7027', '018b7027_0000', 'gwr_api', false),
(305, 'CH532877898121', 2, 'Affoltern am Albis', 'ZH', 'Butzenstrasse', '52', '8910', 'Affoltern am Albis', 1004, 1020, 1110, 1981, 8016, 73.0, 1, 2677291.024, 1236610.492, '2021-03-15', '2001-11-29', '2026-03-29T17:42:26.619084+00:00', '2026-03-29', '018b7027', '018b7027_0000', 'gwr_api', false),
(306, 'CH627792288946', 2, 'Affoltern am Albis', 'ZH', 'Kirchgasse', '6', '8910', 'Affoltern am Albis', 1004, 1060, 1263, 1998, 8019, 252.0, 0, 2676998.575, 1236942.917, '2021-03-15', '2001-11-29', '2026-03-29T17:42:26.619084+00:00', '2026-03-29', '018b7027', '018b7027_0000', 'gwr_api', false),
(307, 'CH818985287704', 2, 'Affoltern am Albis', 'ZH', 'Butzenstrasse', '8', '8910', 'Affoltern am Albis', 1004, 1040, 1263, 1966, 8014, 113.0, 1, 2677088.613, 1236784.654, '2023-03-02', '2001-11-29', '2026-03-29T17:42:26.619084+00:00', '2026-03-29', '018b7027', '018b7027_0000', 'gwr_api', false),
(308, 'CH567728899447', 2, 'Affoltern am Albis', 'ZH', 'Butzenstrasse', '11', '8910', 'Affoltern am Albis', 1004, 1030, 1110, 1750, 8011, 216.0, 1, 2677289.271, 1236699.114, '2021-03-15', '2001-11-29', '2026-03-29T17:42:26.619084+00:00', '2026-03-29', '018b7027', '018b7027_0000', 'gwr_api', false),
(309, 'CH967728898814', 2, 'Affoltern am Albis', 'ZH', 'Allmendstrasse', '1', '8910', 'Affoltern am Albis', 1004, 1030, 1121, 1967, 8014, 231.0, 2, 2677439.389, 1236423.037, '2025-12-11', '2001-11-29', '2026-03-29T17:42:26.619084+00:00', '2026-03-29', '018b7027', '018b7027_0000', 'gwr_api', false),
(310, NULL, 2, 'Affoltern am Albis', 'ZH', 'Allmendstrasse', NULL, '8910', 'Affoltern am Albis', 1007, 1080, NULL, 1958, 8013, NULL, 0, 2677508.815, 1236207.103, '2019-11-05', '2001-11-29', '2026-03-29T17:42:26.619084+00:00', '2026-03-29', '018b7027', '018b7027_0000', 'gwr_api', false),
(311, 'CH178977882885', 2, 'Affoltern am Albis', 'ZH', 'Allmendstrasse', '3.2', '8910', 'Affoltern am Albis', 1004, 1060, 1252, 1958, 8013, 81.0, 0, 2677502.137, 1236234.193, '2021-03-15', '2001-11-29', '2026-03-29T17:42:26.619084+00:00', '2026-03-29', '018b7027', '018b7027_0000', 'gwr_api', false),
(312, 'CH192877888954', 2, 'Affoltern am Albis', 'ZH', 'Aeugsterstrasse', '2', '8910', 'Affoltern am Albis', 1004, 1030, 1110, 1957, 8013, 107.0, 1, 2677840.917, 1236168.641, '2021-03-15', '2001-11-29', '2026-03-29T17:42:26.619084+00:00', '2026-03-29', '018b7027', '018b7027_0000', 'gwr_api', false),
(314, 'CH348928777607', 2, 'Affoltern am Albis', 'ZH', 'Mühlebergstrasse', '37', '8910', 'Affoltern am Albis', 1004, 1020, 1122, 1960, 8013, 201.0, 9, 2677091.944, 1237159.852, '2025-12-11', '2001-11-29', '2026-03-29T17:42:26.619084+00:00', '2026-03-29', '018b7027', '018b7027_0000', 'gwr_api', false),
(315, 'CH332877897694', 2, 'Affoltern am Albis', 'ZH', 'Mühlebergstrasse', '35', '8910', 'Affoltern am Albis', 1004, 1020, 1122, 1960, 8013, 197.0, 9, 2677073.124, 1237182.417, '2025-12-11', '2001-11-29', '2026-03-29T17:42:26.619084+00:00', '2026-03-29', '018b7027', '018b7027_0000', 'gwr_api', false),
(316, 'CH932877898575', 2, 'Affoltern am Albis', 'ZH', 'Mühlebergstrasse', '32a', '8910', 'Affoltern am Albis', 1004, 1020, 1110, 1988, 8017, 66.0, 1, 2677002.361, 1237206.546, '2021-03-15', '2001-11-29', '2026-03-29T17:42:26.619084+00:00', '2026-03-29', '018b7027', '018b7027_0000', 'gwr_api', false),
(317, 'CH948928778585', 2, 'Affoltern am Albis', 'ZH', 'Mühlebergstrasse', '32b', '8910', 'Affoltern am Albis', 1004, 1020, 1110, 1988, 8017, 65.0, 1, 2677006.153, 1237202.514, '2023-09-16', '2001-11-29', '2026-03-29T17:42:26.619084+00:00', '2026-03-29', '018b7027', '018b7027_0000', 'gwr_api', false),
(318, 'CH958528778911', 2, 'Affoltern am Albis', 'ZH', 'Mühlebergstrasse', '32c', '8910', 'Affoltern am Albis', 1004, 1020, 1110, 1988, 8017, 67.0, 1, 2677009.956, 1237198.464, '2021-03-15', '2001-11-29', '2026-03-29T17:42:26.619084+00:00', '2026-03-29', '018b7027', '018b7027_0000', 'gwr_api', false),
(319, 'CH848928777730', 2, 'Affoltern am Albis', 'ZH', 'Mühlebergstrasse', '30', '8910', 'Affoltern am Albis', 1004, 1020, 1110, 1870, 8011, 128.0, 1, 2676992.042, 1237230.949, '2025-12-11', '2001-11-29', '2026-03-29T17:42:26.619084+00:00', '2026-03-29', '018b7027', '018b7027_0000', 'gwr_api', false),
(320, 'CH318985287777', 2, 'Affoltern am Albis', 'ZH', 'Mühlebergstrasse', '28', '8910', 'Affoltern am Albis', 1004, 1020, 1110, 1870, 8011, 79.0, 1, 2676999.519, 1237231.016, '2025-12-11', '2001-11-29', '2026-03-29T17:42:26.619084+00:00', '2026-03-29', '018b7027', '018b7027_0000', 'gwr_api', false)
2026-03-29 17:45:21.293 | DEBUG    | src.utils.databricks_client:execute_sql:44 - SQL:
INSERT INTO workspace.dqa_realestate.bronze_gwr_buildings (egid, egrid, ggdenr, ggdename, gdekt, strname, deinr, plz4, plzname, gstat, gkat, gklas, gbauj, gbaup, garea, ganzwhg, gkode, gkodn, gdat, gdatns, _ingested_at, _ingestion_date, _run_id, _batch_id, _source, _is_full_load) VALUES (321, 'CH978977832822', 2, 'Affoltern am Albis', 'ZH', 'Mühlebergstrasse', '26', '8910', 'Affoltern am Albis', 1004, 1020, 1110, 1986, 8017, 73.0, 1, 2676972.591, 1237261.794, '2025-12-10', '2001-11-29', '2026-03-29T17:42:26.619084+00:00', '2026-03-29', '018b7027', '018b7027_0000', 'gwr_api', false),
(322, 'CH867728898353', 2, 'Affoltern am Albis', 'ZH', 'Mühlebergstrasse', '24', '8910', 'Affoltern am Albis', 1004, 1030, 1110, 1986, 8017, 92.0, 1, 2676963.127, 1237270.243, '2025-12-10', '2001-11-29', '2026-03-29T17:42:26.619084+00:00', '2026-03-29', '018b7027', '018b7027_0000', 'gwr_api', false),
(323, 'CH488228897792', 2, 'Affoltern am Albis', 'ZH', 'Mühlebergstrasse', '23', '8910', 'Affoltern am Albis', 1004, 1020, 1110, 1880, 8011, 93.0, 1, 2676982.779, 1237287.521, '2021-03-15', '2001-11-29', '2026-03-29T17:42:26.619084+00:00', '2026-03-29', '018b7027', '018b7027_0000', 'gwr_api', false),
(324, 'CH327790288969', 2, 'Affoltern am Albis', 'ZH', 'Mühlebergstrasse', '22', '8910', 'Affoltern am Albis', 1004, 1020, 1110, 1880, 8011, 28.0, 1, 2676936.011, 1237271.165, '2021-03-15', '2001-11-29', '2026-03-29T17:42:26.619084+00:00', '2026-03-29', '018b7027', '018b7027_0000', 'gwr_api', false),
(325, 'CH478977822801', 2, 'Affoltern am Albis', 'ZH', 'Mühlebergstrasse', '21', '8910', 'Affoltern am Albis', 1004, 1020, 1110, 1850, 8011, 80.0, 1, 2676956.427, 1237298.311, '2025-12-11', '2001-11-29', '2026-03-29T17:42:26.619084+00:00', '2026-03-29', '018b7027', '018b7027_0000', 'gwr_api', false),
(326, 'CH707789832897', 2, 'Affoltern am Albis', 'ZH', 'Mühlebergstrasse', '20', '8910', 'Affoltern am Albis', 1004, 1060, 1271, 1925, 8012, 96.0, 0, 2676940.051, 1237265.997, '2023-03-03', '2001-11-29', '2026-03-29T17:42:26.619084+00:00', '2026-03-29', '018b7027', '018b7027_0000', 'gwr_api', false),
(327, 'CH292877978990', 2, 'Affoltern am Albis', 'ZH', 'Mühlebergstrasse', '19', '8910', 'Affoltern am Albis', 1004, 1020, 1110, 1850, 8011, 50.0, 1, 2676935.023, 1237296.37, '2025-12-11', '2001-11-29', '2026-03-29T17:42:26.619084+00:00', '2026-03-29', '018b7027', '018b7027_0000', 'gwr_api', false),
(328, NULL, 2, 'Affoltern am Albis', 'ZH', 'Mühlebergstrasse', '18', '8910', 'Affoltern am Albis', 1007, 1020, 1122, 1898, 8011, NULL, 3, 2676939.554, 1237251.315, '2019-11-05', '2001-11-29', '2026-03-29T17:42:26.619084+00:00', '2026-03-29', '018b7027', '018b7027_0000', 'gwr_api', false),
(329, 'CH218997287703', 2, 'Affoltern am Albis', 'ZH', 'Mühlebergstrasse', '17', '8910', 'Affoltern am Albis', 1004, 1030, 1122, NULL, 8014, 465.0, 14, 2676902.235, 1237281.465, '2026-02-20', '2001-11-29', '2026-03-29T17:42:26.619084+00:00', '2026-03-29', '018b7027', '018b7027_0000', 'gwr_api', false),
(330, 'CH627794288928', 2, 'Affoltern am Albis', 'ZH', 'Mühlebergstrasse', '16', '8910', 'Affoltern am Albis', 1004, 1030, 1122, 1780, 8011, 171.0, 3, 2676925.253, 1237246.706, '2021-03-15', '2001-11-29', '2026-03-29T17:42:26.619084+00:00', '2026-03-29', '018b7027', '018b7027_0000', 'gwr_api', false),
(332, 'CH318990287732', 2, 'Affoltern am Albis', 'ZH', 'Mühlebergstrasse', '13', '8910', 'Affoltern am Albis', 1004, 1020, 1122, 1966, 8014, 474.0, 19, 2676858.251, 1237298.752, '2021-03-15', '2001-11-29', '2026-03-29T17:42:26.619084+00:00', '2026-03-29', '018b7027', '018b7027_0000', 'gwr_api', false),
(333, 'CH827777288916', 2, 'Affoltern am Albis', 'ZH', 'Mühlebergstrasse', '7', '8910', 'Affoltern am Albis', 1004, 1020, 1110, 1750, 8011, 106.0, 1, 2676858.246, 1237253.696, '2025-12-11', '2001-11-29', '2026-03-29T17:42:26.619084+00:00', '2026-03-29', '018b7027', '018b7027_0000', 'gwr_api', false),
(335, 'CH392877908977', 2, 'Affoltern am Albis', 'ZH', 'Mühlebergstrasse', '8', '8910', 'Affoltern am Albis', 1004, 1020, 1110, 1800, 8011, 49.0, 1, 2676900.02, 1237245.13, '2025-12-11', '2001-11-29', '2026-03-29T17:42:26.619084+00:00', '2026-03-29', '018b7027', '018b7027_0000', 'gwr_api', false),
(336, 'CH867728897759', 2, 'Affoltern am Albis', 'ZH', 'Mühlebergstrasse', '4', '8910', 'Affoltern am Albis', 1004, 1040, 1211, 1860, 8011, 236.0, 1, 2676885.504, 1237207.846, '2023-03-02', '2001-11-29', '2026-03-29T17:42:26.619084+00:00', '2026-03-29', '018b7027', '018b7027_0000', 'gwr_api', false),
(337, 'CH389028897707', 2, 'Affoltern am Albis', 'ZH', 'Mühlebergstrasse', '6', '8910', 'Affoltern am Albis', 1004, 1030, 1121, 1860, 8011, 228.0, 2, 2676882.501, 1237223.134, '2025-12-10', '2001-11-29', '2026-03-29T17:42:26.619084+00:00', '2026-03-29', '018b7027', '018b7027_0000', 'gwr_api', false),
(338, 'CH857728778967', 2, 'Affoltern am Albis', 'ZH', 'Mühlebergstrasse', '10', '8910', 'Affoltern am Albis', 1004, 1020, 1110, 1800, 8011, 54.0, 1, 2676902.942, 1237239.736, '2025-12-11', '2001-11-29', '2026-03-29T17:42:26.619084+00:00', '2026-03-29', '018b7027', '018b7027_0000', 'gwr_api', false),
(339, 'CH332877898585', 2, 'Affoltern am Albis', 'ZH', 'Mühlebergstrasse', '12', '8910', 'Affoltern am Albis', 1004, 1040, 1211, 1911, 8011, 114.0, 1, 2676920.148, 1237256.068, '2023-03-02', '2001-11-29', '2026-03-29T17:42:26.619084+00:00', '2026-03-29', '018b7027', '018b7027_0000', 'gwr_api', false),
(340, 'CH248928770911', 2, 'Affoltern am Albis', 'ZH', 'Mühlebergstrasse', '11', '8910', 'Affoltern am Albis', 1004, 1020, 1110, 1800, 8011, 67.0, 1, 2676871.595, 1237266.905, '2025-12-11', '2001-11-29', '2026-03-29T17:42:26.619084+00:00', '2026-03-29', '018b7027', '018b7027_0000', 'gwr_api', false),
(341, 'CH878977772874', 2, 'Affoltern am Albis', 'ZH', 'Mühlebergstrasse', '9', '8910', 'Affoltern am Albis', 1004, 1020, 1121, 1860, 8011, 71.0, 2, 2676867.66, 1237264.076, '2025-12-11', '2001-11-29', '2026-03-29T17:42:26.619084+00:00', '2026-03-29', '018b7027', '018b7027_0000', 'gwr_api', false),
(342, 'CH848928777928', 2, 'Affoltern am Albis', 'ZH', 'Mühlebergstrasse', '5', '8910', 'Affoltern am Albis', 1004, 1030, 1121, 1750, 8011, 104.0, 2, 2676847.681, 1237249.28, '2023-07-13', '2001-11-29', '2026-03-29T17:42:26.619084+00:00', '2026-03-29', '018b7027', '018b7027_0000', 'gwr_api', false),
(343, 'CH892877778943', 2, 'Affoltern am Albis', 'ZH', 'Weingasse', '2', '8910', 'Affoltern am Albis', 1004, 1030, 1110, 1782, 8011, 167.0, 3, 2676835.439, 1237266.387, '2025-06-02', '2001-11-29', '2026-03-29T17:42:26.619084+00:00', '2026-03-29', '018b7027', '018b7027_0000', 'gwr_api', false),
(344, 'CH327785288917', 2, 'Affoltern am Albis', 'ZH', 'Mühlebergstrasse', '15', '8910', 'Affoltern am Albis', 1004, 1020, 1110, 1800, 8011, 92.0, 1, 2676884.937, 1237265.648, '2025-12-11', '2001-11-29', '2026-03-29T17:42:26.619084+00:00', '2026-03-29', '018b7027', '018b7027_0000', 'gwr_api', false),
(345, 'CH357628778970', 2, 'Affoltern am Albis', 'ZH', 'Mühlebergstrasse', '39', '8910', 'Affoltern am Albis', 1004, 1020, 1121, 1955, 8013, 88.0, 3, 2677103.887, 1237134.517, '2025-12-11', '2001-11-29', '2026-03-29T17:42:26.619084+00:00', '2026-03-29', '018b7027', '018b7027_0000', 'gwr_api', false),
(346, 'CH687028897757', 2, 'Affoltern am Albis', 'ZH', 'Mühlebergstrasse', '40', '8910', 'Affoltern am Albis', 1004, 1020, 1110, 1956, 8013, 90.0, 1, 2677084.545, 1237102.217, '2025-04-24', '2001-11-29', '2026-03-29T17:42:26.619084+00:00', '2026-03-29', '018b7027', '018b7027_0000', 'gwr_api', false),
(347, 'CH692877708935', 2, 'Affoltern am Albis', 'ZH', 'Mühlebergstrasse', '42', '8910', 'Affoltern am Albis', 1004, 1020, 1122, 1967, 8014, 232.0, 8, 2677104.065, 1237079.923, '2025-12-11', '2001-11-29', '2026-03-29T17:42:26.619084+00:00', '2026-03-29', '018b7027', '018b7027_0000', 'gwr_api', false),
(348, 'CH678977712863', 2, 'Affoltern am Albis', 'ZH', 'Mühlebergstrasse', '44', '8910', 'Affoltern am Albis', 1004, 1020, 1122, 1967, 8014, 223.0, 8, 2677115.043, 1237060.81, '2021-03-15', '2001-11-29', '2026-03-29T17:42:26.619084+00:00', '2026-03-29', '018b7027', '018b7027_0000', 'gwr_api', false),
(349, 'CH648928779283', 2, 'Affoltern am Albis', 'ZH', 'Mühlebergstrasse', '46', '8910', 'Affoltern am Albis', 1004, 1020, 1122, 1967, 8014, 234.0, 9, 2677123.234, 1237023.683, '2021-03-15', '2001-11-29', '2026-03-29T17:42:26.619084+00:00', '2026-03-29', '018b7027', '018b7027_0000', 'gwr_api', false),
(350, 'CH687128897730', 2, 'Affoltern am Albis', 'ZH', 'Mühlebergstrasse', '48', '8910', 'Affoltern am Albis', 1004, 1020, 1122, 1967, 8014, 234.0, 9, 2677102.655, 1237024.187, '2021-03-15', '2001-11-29', '2026-03-29T17:42:26.619084+00:00', '2026-03-29', '018b7027', '018b7027_0000', 'gwr_api', false),
(351, 'CH467728897008', 2, 'Affoltern am Albis', 'ZH', 'Brunnenstrasse', '1', '8910', 'Affoltern am Albis', 1004, 1020, 1122, 1969, 8014, 228.0, 6, 2677061.198, 1237120.102, '2025-12-04', '2001-11-29', '2026-03-29T17:42:26.619084+00:00', '2026-03-29', '018b7027', '018b7027_0000', 'gwr_api', false),
(352, 'CH467728897008', 2, 'Affoltern am Albis', 'ZH', 'Brunnenhof', '1', '8910', 'Affoltern am Albis', 1004, 1020, 1122, 1969, 8014, 194.0, 8, 2677051.845, 1237104.961, '2025-12-04', '2001-11-29', '2026-03-29T17:42:26.619084+00:00', '2026-03-29', '018b7027', '018b7027_0000', 'gwr_api', false),
(353, 'CH467728897008', 2, 'Affoltern am Albis', 'ZH', 'Brunnenhof', '3', '8910', 'Affoltern am Albis', 1004, 1020, 1122, 1969, 8014, 200.0, 7, 2677057.67, 1237085.263, '2025-12-04', '2001-11-29', '2026-03-29T17:42:26.619084+00:00', '2026-03-29', '018b7027', '018b7027_0000', 'gwr_api', false),
(356, 'CH957128778901', 2, 'Affoltern am Albis', 'ZH', 'Brunnenhof', '2', '8910', 'Affoltern am Albis', 1004, 1020, 1122, 1970, 8014, 617.0, 21, 2677007.667, 1237097.885, '2023-09-16', '2001-11-29', '2026-03-29T17:42:26.619084+00:00', '2026-03-29', '018b7027', '018b7027_0000', 'gwr_api', false),
(357, 'CH578977702803', 2, 'Affoltern am Albis', 'ZH', 'Brunnenhof', '5', '8910', 'Affoltern am Albis', 1004, 1020, 1122, 1971, 8015, 257.0, 12, 2677069.536, 1237054.813, '2025-12-11', '2001-11-29', '2026-03-29T17:42:26.619084+00:00', '2026-03-29', '018b7027', '018b7027_0000', 'gwr_api', false),
(358, 'CH457028778904', 2, 'Affoltern am Albis', 'ZH', 'Brunnenstrasse', '2', '8910', 'Affoltern am Albis', 1004, 1020, 1122, 1973, 8015, 262.0, 6, 2677015.645, 1237138.922, '2025-12-11', '2001-11-29', '2026-03-29T17:42:26.619084+00:00', '2026-03-29', '018b7027', '018b7027_0000', 'gwr_api', false),
(359, 'CH792877898941', 2, 'Affoltern am Albis', 'ZH', 'Brunnenstrasse', '6', '8910', 'Affoltern am Albis', 1004, 1020, 1122, 1970, 8014, 128.0, 6, 2676993.436, 1237127.571, '2023-09-16', '2001-11-29', '2026-03-29T17:42:26.619084+00:00', '2026-03-29', '018b7027', '018b7027_0000', 'gwr_api', false),
(360, 'CH792877898941', 2, 'Affoltern am Albis', 'ZH', 'Brunnenstrasse', '8', '8910', 'Affoltern am Albis', 1004, 1020, 1122, 1970, 8014, 272.0, 6, 2676981.452, 1237140.754, '2023-09-16', '2001-11-29', '2026-03-29T17:42:26.619084+00:00', '2026-03-29', '018b7027', '018b7027_0000', 'gwr_api', false),
(361, 'CH548928777141', 2, 'Affoltern am Albis', 'ZH', 'Untere Kirchfeldstrasse', '8', '8910', 'Affoltern am Albis', 1004, 1020, 1122, 1981, 8016, 373.0, 12, 2676938.655, 1237152.462, '2023-09-16', '2001-11-29', '2026-03-29T17:42:26.619084+00:00', '2026-03-29', '018b7027', '018b7027_0000', 'gwr_api', false),
(362, 'CH178977712839', 2, 'Affoltern am Albis', 'ZH', 'Untere Kirchfeldstrasse', '13', '8910', 'Affoltern am Albis', 1004, 1020, 1122, 1970, 8014, 278.0, 10, 2676978.919, 1237180.531, '2021-03-15', '2001-11-29', '2026-03-29T17:42:26.619084+00:00', '2026-03-29', '018b7027', '018b7027_0000', 'gwr_api', false),
(363, 'CH387028897762', 2, 'Affoltern am Albis', 'ZH', 'Untere Kirchfeldstrasse', '10', '8910', 'Affoltern am Albis', 1004, 1020, 1122, 1963, 8014, 226.0, 3, 2676918.296, 1237115.285, '2025-12-11', '2001-11-29', '2026-03-29T17:42:26.619084+00:00', '2026-03-29', '018b7027', '018b7027_0000', 'gwr_api', false),
(364, 'CH378977702871', 2, 'Affoltern am Albis', 'ZH', 'Untere Kirchfeldstrasse', '12', '8910', 'Affoltern am Albis', 1004, 1020, 1110, NULL, 8014, 135.0, 1, 2676952.644, 1237109.395, '2026-01-26', '2001-11-29', '2026-03-29T17:42:26.619084+00:00', '2026-03-29', '018b7027', '018b7027_0000', 'gwr_api', false),
(365, 'CH107789712846', 2, 'Affoltern am Albis', 'ZH', 'Untere Kirchfeldstrasse', '14', '8910', 'Affoltern am Albis', 1004, 1020, 1110, 1952, 8013, 94.0, 1, 2676950.268, 1237083.356, '2025-12-11', '2001-11-29', '2026-03-29T17:42:26.619084+00:00', '2026-03-29', '018b7027', '018b7027_0000', 'gwr_api', false),
(367, NULL, 2, 'Affoltern am Albis', 'ZH', 'Untere Kirchfeldstrasse', '18', '8910', 'Affoltern am Albis', 1007, 1020, 1110, 1961, 8014, NULL, 1, 2676953.464, 1237011.449, '2019-11-05', '2001-11-29', '2026-03-29T17:42:26.619084+00:00', '2026-03-29', '018b7027', '018b7027_0000', 'gwr_api', false),
(368, 'CH148928777180', 2, 'Affoltern am Albis', 'ZH', 'Untere Kirchfeldstrasse', '19', '8910', 'Affoltern am Albis', 1004, 1020, 1122, 1972, 8015, 339.0, 9, 2676992.347, 1237055.216, '2021-03-15', '2001-11-29', '2026-03-29T17:42:26.619084+00:00', '2026-03-29', '018b7027', '018b7027_0000', 'gwr_api', false),
(369, 'CH932877897189', 2, 'Affoltern am Albis', 'ZH', 'Wolhausenstrasse', '15', '8910', 'Affoltern am Albis', 1004, 1020, 1122, 1971, 8015, 226.0, 6, 2676981.824, 1237005.983, '2021-03-15', '2001-11-29', '2026-03-29T17:42:26.619084+00:00', '2026-03-29', '018b7027', '018b7027_0000', 'gwr_api', false),
(370, 'CH948928777102', 2, 'Affoltern am Albis', 'ZH', 'Wolhausenstrasse', '17', '8910', 'Affoltern am Albis', 1004, 1020, 1122, 1971, 8015, 182.0, 7, 2676986.64, 1237022.621, '2025-12-11', '2001-11-29', '2026-03-29T17:42:26.619084+00:00', '2026-03-29', '018b7027', '018b7027_0000', 'gwr_api', false),
(371, 'CH678977702866', 2, 'Affoltern am Albis', 'ZH', 'Wolhausenstrasse', '19', '8910', 'Affoltern am Albis', 1004, 1030, 1122, 1971, 8015, 261.0, 8, 2677022.68, 1237026.299, '2022-06-30', '2001-11-29', '2026-03-29T17:42:26.619084+00:00', '2026-03-29', '018b7027', '018b7027_0000', 'gwr_api', false),
(372, 'CH678977702866', 2, 'Affoltern am Albis', 'ZH', 'Wolhausenstrasse', '21', '8910', 'Affoltern am Albis', 1004, 1020, 1122, 1971, 8015, 644.0, 9, 2677020.967, 1237043.73, '2021-03-15', '2001-11-29', '2026-03-29T17:42:26.619084+00:00', '2026-03-29', '018b7027', '018b7027_0000', 'gwr_api', false),
(373, 'CH888328897726', 2, 'Affoltern am Albis', 'ZH', 'Wolhausenstrasse', '23', '8910', 'Affoltern am Albis', 1004, 1020, 1122, 1971, 8015, 180.0, 6, 2677055.923, 1237023.654, '2025-07-28', '2001-11-29', '2026-03-29T17:42:26.619084+00:00', '2026-03-29', '018b7027', '018b7027_0000', 'gwr_api', false),
(374, 'CH892877838925', 2, 'Affoltern am Albis', 'ZH', 'Wolhausenstrasse', '25', '8910', 'Affoltern am Albis', 1004, 1020, 1122, 1971, 8015, 191.0, 8, 2677071.888, 1237022.431, '2025-07-28', '2001-11-29', '2026-03-29T17:42:26.619084+00:00', '2026-03-29', '018b7027', '018b7027_0000', 'gwr_api', false),
(375, NULL, 2, 'Affoltern am Albis', 'ZH', 'Untere Kirchfeldstrasse', '16', '8910', 'Affoltern am Albis', 1007, 1020, 1110, 1952, 8013, NULL, 1, 2676957.539, 1237049.084, '2019-11-05', '2001-11-29', '2026-03-29T17:42:26.619084+00:00', '2026-03-29', '018b7027', '018b7027_0000', 'gwr_api', false)
2026-03-29 17:45:24.432 | DEBUG    | src.utils.databricks_client:execute_sql:44 - SQL:
INSERT INTO workspace.dqa_realestate.bronze_gwr_buildings (egid, egrid, ggdenr, ggdename, gdekt, strname, deinr, plz4, plzname, gstat, gkat, gklas, gbauj, gbaup, garea, ganzwhg, gkode, gkodn, gdat, gdatns, _ingested_at, _ingestion_date, _run_id, _batch_id, _source, _is_full_load) VALUES (376, 'CH558028778988', 2, 'Affoltern am Albis', 'ZH', 'Erlenweg', '25', '8910', 'Affoltern am Albis', 1004, 1020, 1121, 1979, 8015, 145.0, 2, 2677359.663, 1236958.34, '2024-09-03', '2001-11-29', '2026-03-29T17:42:26.619084+00:00', '2026-03-29', '018b7027', '018b7027_0000', 'gwr_api', false),
(377, 'CH332877898090', 2, 'Affoltern am Albis', 'ZH', 'Erlenweg', '1', '8910', 'Affoltern am Albis', 1004, 1020, 1121, 1979, 8015, 85.0, 2, 2677221.82, 1236923.343, '2021-03-15', '2001-11-29', '2026-03-29T17:42:26.619084+00:00', '2026-03-29', '018b7027', '018b7027_0000', 'gwr_api', false),
(378, 'CH327780288962', 2, 'Affoltern am Albis', 'ZH', 'Erlenweg', '2', '8910', 'Affoltern am Albis', 1004, 1020, 1110, 1979, 8015, 64.0, 1, 2677217.628, 1236928.813, '2026-03-02', '2001-11-29', '2026-03-29T17:42:26.619084+00:00', '2026-03-29', '018b7027', '018b7027_0000', 'gwr_api', false),
(379, 'CH318980287725', 2, 'Affoltern am Albis', 'ZH', 'Erlenweg', '3', '8910', 'Affoltern am Albis', 1004, 1020, 1110, 1979, 8015, 64.0, 1, 2677214.56, 1236933.906, '2025-12-11', '2001-11-29', '2026-03-29T17:42:26.619084+00:00', '2026-03-29', '018b7027', '018b7027_0000', 'gwr_api', false),
(380, 'CH307789802848', 2, 'Affoltern am Albis', 'ZH', 'Erlenweg', '4', '8910', 'Affoltern am Albis', 1004, 1020, 1110, 1979, 8015, 63.0, 1, 2677211.473, 1236938.954, '2025-12-11', '2001-11-29', '2026-03-29T17:42:26.619084+00:00', '2026-03-29', '018b7027', '018b7027_0000', 'gwr_api', false),
(381, 'CH392877808910', 2, 'Affoltern am Albis', 'ZH', 'Erlenweg', '5', '8910', 'Affoltern am Albis', 1004, 1020, 1110, 1979, 8015, 64.0, 1, 2677207.062, 1236942.484, '2025-12-11', '2001-11-29', '2026-03-29T17:42:26.619084+00:00', '2026-03-29', '018b7027', '018b7027_0000', 'gwr_api', false),
(382, 'CH388028897783', 2, 'Affoltern am Albis', 'ZH', 'Erlenweg', '6', '8910', 'Affoltern am Albis', 1004, 1020, 1110, 1979, 8015, 104.0, 1, 2677200.273, 1236944.355, '2023-11-29', '2001-11-29', '2026-03-29T17:42:26.619084+00:00', '2026-03-29', '018b7027', '018b7027_0000', 'gwr_api', false),
(383, 'CH378977802841', 2, 'Affoltern am Albis', 'ZH', 'Erlenweg', '7', '8910', 'Affoltern am Albis', 1004, 1020, 1110, 1979, 8015, 83.0, 1, 2677188.487, 1236960.12, '2025-12-10', '2001-11-29', '2026-03-29T17:42:26.619084+00:00', '2026-03-29', '018b7027', '018b7027_0000', 'gwr_api', false),
(384, 'CH267728898066', 2, 'Affoltern am Albis', 'ZH', 'Erlenweg', '8', '8910', 'Affoltern am Albis', 1004, 1020, 1110, 1979, 8015, 83.0, 1, 2677185.963, 1236966.259, '2025-12-11', '2001-11-29', '2026-03-29T17:42:26.619084+00:00', '2026-03-29', '018b7027', '018b7027_0000', 'gwr_api', false),
(385, 'CH258028778993', 2, 'Affoltern am Albis', 'ZH', 'Erlenweg', '9', '8910', 'Affoltern am Albis', 1004, 1020, 1110, 1979, 8015, 79.0, 1, 2677186.1, 1236972.28, '2022-06-02', '2001-11-29', '2026-03-29T17:42:26.619084+00:00', '2026-03-29', '018b7027', '018b7027_0000', 'gwr_api', false),
(386, 'CH248928778037', 2, 'Affoltern am Albis', 'ZH', 'Erlenweg', '10', '8910', 'Affoltern am Albis', 1004, 1020, 1110, 1979, 8015, 63.0, 1, 2677185.445, 1236978.027, '2025-12-11', '2001-11-29', '2026-03-29T17:42:26.619084+00:00', '2026-03-29', '018b7027', '018b7027_0000', 'gwr_api', false),
(387, 'CH232877898027', 2, 'Affoltern am Albis', 'ZH', 'Erlenweg', '11', '8910', 'Affoltern am Albis', 1004, 1020, 1110, 1979, 8015, 84.0, 1, 2677181.254, 1236982.53, '2025-12-11', '2001-11-29', '2026-03-29T17:42:26.619084+00:00', '2026-03-29', '018b7027', '018b7027_0000', 'gwr_api', false),
(388, 'CH348928778003', 2, 'Affoltern am Albis', 'ZH', 'Erlenweg', '12', '8910', 'Affoltern am Albis', 1004, 1020, 1110, 1979, 8015, 85.0, 1, 2677213.38, 1236979.376, '2025-12-11', '2001-11-29', '2026-03-29T17:42:26.619084+00:00', '2026-03-29', '018b7027', '018b7027_0000', 'gwr_api', false),
(389, 'CH358028778959', 2, 'Affoltern am Albis', 'ZH', 'Erlenweg', '13', '8910', 'Affoltern am Albis', 1004, 1020, 1110, 1979, 8015, 76.0, 1, 2677218.939, 1236975.629, '2025-12-11', '2001-11-29', '2026-03-29T17:42:26.619084+00:00', '2026-03-29', '018b7027', '018b7027_0000', 'gwr_api', false),
(390, 'CH367728898032', 2, 'Affoltern am Albis', 'ZH', 'Erlenweg', '14', '8910', 'Affoltern am Albis', 1004, 1020, 1110, 1979, 8015, 64.0, 1, 2677223.997, 1236972.969, '2025-12-11', '2001-11-29', '2026-03-29T17:42:26.619084+00:00', '2026-03-29', '018b7027', '018b7027_0000', 'gwr_api', false),
(391, 'CH632877898085', 2, 'Affoltern am Albis', 'ZH', 'Erlenweg', '15', '8910', 'Affoltern am Albis', 1004, 1020, 1110, 1979, 8015, 63.0, 1, 2677227.108, 1236967.924, '2025-12-11', '2001-11-29', '2026-03-29T17:42:26.619084+00:00', '2026-03-29', '018b7027', '018b7027_0000', 'gwr_api', false),
(392, 'CH478977802807', 2, 'Affoltern am Albis', 'ZH', 'Erlenweg', '16', '8910', 'Affoltern am Albis', 1004, 1020, 1110, 1979, 8015, 97.0, 1, 2677230.245, 1236960.149, '2023-09-16', '2001-11-29', '2026-03-29T17:42:26.619084+00:00', '2026-03-29', '018b7027', '018b7027_0000', 'gwr_api', false),
(393, 'CH278977802875', 2, 'Affoltern am Albis', 'ZH', 'Erlenweg', '17', '8910', 'Affoltern am Albis', 1004, 1020, 1110, 1978, 8015, 120.0, 1, 2677261.925, 1236975.874, '2022-09-07', '2001-11-29', '2026-03-29T17:42:26.619084+00:00', '2026-03-29', '018b7027', '018b7027_0000', 'gwr_api', false),
(394, 'CH567728898061', 2, 'Affoltern am Albis', 'ZH', 'Erlenweg', '18', '8910', 'Affoltern am Albis', 1004, 1020, 1110, 1979, 8015, 137.0, 1, 2677286.298, 1236936.943, '2021-03-15', '2001-11-29', '2026-03-29T17:42:26.619084+00:00', '2026-03-29', '018b7027', '018b7027_0000', 'gwr_api', false),
(395, 'CH518980287754', 2, 'Affoltern am Albis', 'ZH', 'Erlenweg', '19', '8910', 'Affoltern am Albis', 1004, 1020, 1110, NULL, 8015, 80.0, 1, 2677287.208, 1236975.316, '2025-12-18', '2001-11-29', '2026-03-29T17:42:26.619084+00:00', '2026-03-29', '018b7027', '018b7027_0000', 'gwr_api', false),
(396, 'CH227780288996', 2, 'Affoltern am Albis', 'ZH', 'Erlenweg', '20', '8910', 'Affoltern am Albis', 1004, 1020, 1110, 1979, 8015, 128.0, 1, 2677312.883, 1236932.643, '2025-12-10', '2001-11-29', '2026-03-29T17:42:26.619084+00:00', '2026-03-29', '018b7027', '018b7027_0000', 'gwr_api', false),
(397, 'CH527780288991', 2, 'Affoltern am Albis', 'ZH', 'Erlenweg', '21', '8910', 'Affoltern am Albis', 1004, 1020, 1110, 1979, 8015, 95.0, 1, 2677308.022, 1236970.992, '2025-12-11', '2001-11-29', '2026-03-29T17:42:26.619084+00:00', '2026-03-29', '018b7027', '018b7027_0000', 'gwr_api', false),
(398, 'CH292877808944', 2, 'Affoltern am Albis', 'ZH', 'Erlenweg', '22', '8910', 'Affoltern am Albis', 1004, 1020, 1110, 1979, 8015, 84.0, 1, 2677348.797, 1236924.49, '2025-12-11', '2001-11-29', '2026-03-29T17:42:26.619084+00:00', '2026-03-29', '018b7027', '018b7027_0000', 'gwr_api', false),
(399, 'CH548928778032', 2, 'Affoltern am Albis', 'ZH', 'Erlenweg', '23', '8910', 'Affoltern am Albis', 1004, 1020, 1110, 1979, 8015, 129.0, 1, 2677338.127, 1236962.05, '2023-09-16', '2001-11-29', '2026-03-29T17:42:26.619084+00:00', '2026-03-29', '018b7027', '018b7027_0000', 'gwr_api', false),
(400, 'CH218980287759', 2, 'Affoltern am Albis', 'ZH', 'Erlenweg', '24', '8910', 'Affoltern am Albis', 1004, 1020, 1110, 1979, 8015, 153.0, 1, 2677307.67, 1236909.866, '2025-07-29', '2001-11-29', '2026-03-29T17:42:26.619084+00:00', '2026-03-29', '018b7027', '018b7027_0000', 'gwr_api', false),
(401, 'CH207789802882', 2, 'Affoltern am Albis', 'ZH', 'Erlenweg', '26', '8910', 'Affoltern am Albis', 1004, 1020, 1110, 1978, 8015, 169.0, 1, 2677339.529, 1236901.41, '2021-03-15', '2001-11-29', '2026-03-29T17:42:26.619084+00:00', '2026-03-29', '018b7027', '018b7027_0000', 'gwr_api', false),
(402, 'CH807789812869', 2, 'Affoltern am Albis', 'ZH', 'Erlenweg', '27', '8910', 'Affoltern am Albis', 1004, 1020, 1110, 1979, 8015, 55.0, 1, 2677375.705, 1236953.526, '2025-12-10', '2001-11-29', '2026-03-29T17:42:26.619084+00:00', '2026-03-29', '018b7027', '018b7027_0000', 'gwr_api', false),
(403, 'CH788128897717', 2, 'Affoltern am Albis', 'ZH', 'Erlenweg', '28', '8910', 'Affoltern am Albis', 1004, 1020, 1110, 1980, 8015, 103.0, 1, 2677309.143, 1236886.934, '2025-12-10', '2001-11-29', '2026-03-29T17:42:26.619084+00:00', '2026-03-29', '018b7027', '018b7027_0000', 'gwr_api', false),
(404, 'CH818981287740', 2, 'Affoltern am Albis', 'ZH', 'Erlenweg', '29', '8910', 'Affoltern am Albis', 1004, 1020, 1110, 1979, 8015, 53.0, 1, 2677380.575, 1236952.371, '2025-12-11', '2001-11-29', '2026-03-29T17:42:26.619084+00:00', '2026-03-29', '018b7027', '018b7027_0000', 'gwr_api', false),
(405, 'CH227781288987', 2, 'Affoltern am Albis', 'ZH', 'Erlenweg', '30a', '8910', 'Affoltern am Albis', 1004, 1020, 1110, 1981, 8016, 77.0, 1, 2677329.52, 1236883.488, '2025-12-11', '2001-11-29', '2026-03-29T17:42:26.619084+00:00', '2026-03-29', '018b7027', '018b7027_0000', 'gwr_api', false),
(406, 'CH232877898126', 2, 'Affoltern am Albis', 'ZH', 'Erlenweg', '30b', '8910', 'Affoltern am Albis', 1004, 1020, 1110, 1981, 8016, 60.0, 1, 2677338.144, 1236880.853, '2021-03-15', '2001-11-29', '2026-03-29T17:42:26.619084+00:00', '2026-03-29', '018b7027', '018b7027_0000', 'gwr_api', false),
(407, 'CH827781288977', 2, 'Affoltern am Albis', 'ZH', 'Erlenweg', '31', '8910', 'Affoltern am Albis', 1004, 1020, 1110, 1979, 8015, 53.0, 1, 2677385.375, 1236951.228, '2025-12-11', '2001-11-29', '2026-03-29T17:42:26.619084+00:00', '2026-03-29', '018b7027', '018b7027_0000', 'gwr_api', false),
(408, 'CH832877898116', 2, 'Affoltern am Albis', 'ZH', 'Erlenweg', '33', '8910', 'Affoltern am Albis', 1004, 1020, 1110, 1979, 8015, 55.0, 1, 2677390.244, 1236950.067, '2025-12-11', '2001-11-29', '2026-03-29T17:42:26.619084+00:00', '2026-03-29', '018b7027', '018b7027_0000', 'gwr_api', false),
(409, 'CH748928778160', 2, 'Affoltern am Albis', 'ZH', 'Erlenweg', '40', '8910', 'Affoltern am Albis', 1004, 1020, 1110, 1979, 8015, 53.0, 1, 2677386.364, 1236911.043, '2025-06-23', '2001-11-29', '2026-03-29T17:42:26.619084+00:00', '2026-03-29', '018b7027', '018b7027_0000', 'gwr_api', false),
(410, 'CH758128778990', 2, 'Affoltern am Albis', 'ZH', 'Erlenweg', '42', '8910', 'Affoltern am Albis', 1004, 1020, 1110, 1979, 8015, 55.0, 1, 2677391.23, 1236909.886, '2025-06-23', '2001-11-29', '2026-03-29T17:42:26.619084+00:00', '2026-03-29', '018b7027', '018b7027_0000', 'gwr_api', false),
(411, 'CH732877898150', 2, 'Affoltern am Albis', 'ZH', 'Erlenweg', '38', '8910', 'Affoltern am Albis', 1004, 1020, 1110, 1979, 8015, 53.0, 1, 2677381.562, 1236912.184, '2025-06-23', '2001-11-29', '2026-03-29T17:42:26.619084+00:00', '2026-03-29', '018b7027', '018b7027_0000', 'gwr_api', false),
(412, 'CH727781288914', 2, 'Affoltern am Albis', 'ZH', 'Erlenweg', '36', '8910', 'Affoltern am Albis', 1004, 1020, 1110, 1979, 8015, 55.0, 1, 2677376.695, 1236913.341, '2025-06-23', '2001-11-29', '2026-03-29T17:42:26.619084+00:00', '2026-03-29', '018b7027', '018b7027_0000', 'gwr_api', false),
(413, 'CH878977812862', 2, 'Affoltern am Albis', 'ZH', 'Erlenweg', '34', '8910', 'Affoltern am Albis', 1004, 1020, 1110, 1979, 8015, 79.0, 1, 2677367.863, 1236891.656, '2022-07-20', '2001-11-29', '2026-03-29T17:42:26.619084+00:00', '2026-03-29', '018b7027', '018b7027_0000', 'gwr_api', false),
(414, 'CH767728898189', 2, 'Affoltern am Albis', 'ZH', 'Erlenweg', '32', '8910', 'Affoltern am Albis', 1004, 1020, 1110, 1979, 8015, 55.0, 1, 2677361.498, 1236893.219, '2025-12-11', '2001-11-29', '2026-03-29T17:42:26.619084+00:00', '2026-03-29', '018b7027', '018b7027_0000', 'gwr_api', false),
(415, 'CH778977812896', 2, 'Affoltern am Albis', 'ZH', 'Stigelistrasse', '1', '8910', 'Affoltern am Albis', 1004, 1020, 1110, 1979, 8015, 129.0, 1, 2677240.023, 1236904.578, '2025-12-11', '2001-11-29', '2026-03-29T17:42:26.619084+00:00', '2026-03-29', '018b7027', '018b7027_0000', 'gwr_api', false),
(416, 'CH607789802843', 2, 'Affoltern am Albis', 'ZH', 'Stigelistrasse', '2', '8910', 'Affoltern am Albis', 1004, 1020, 1110, 1979, 8015, 73.0, 1, 2677275.179, 1236895.553, '2025-12-11', '2001-11-29', '2026-03-29T17:42:26.619084+00:00', '2026-03-29', '018b7027', '018b7027_0000', 'gwr_api', false),
(417, 'CH667728898027', 2, 'Affoltern am Albis', 'ZH', 'Stigelistrasse', '3', '8910', 'Affoltern am Albis', 1004, 1020, 1110, 1979, 8015, 115.0, 1, 2677242.451, 1236912.461, '2025-11-27', '2001-11-29', '2026-03-29T17:42:26.619084+00:00', '2026-03-29', '018b7027', '018b7027_0000', 'gwr_api', false),
(418, 'CH618980287720', 2, 'Affoltern am Albis', 'ZH', 'Stigelistrasse', '4', '8910', 'Affoltern am Albis', 1004, 1020, 1110, 1979, 8015, 73.0, 1, 2677284.514, 1236892.85, '2025-12-11', '2001-11-29', '2026-03-29T17:42:26.619084+00:00', '2026-03-29', '018b7027', '018b7027_0000', 'gwr_api', false),
(419, 'CH658028778954', 2, 'Affoltern am Albis', 'ZH', 'Stigelistrasse', '5', '8910', 'Affoltern am Albis', 1004, 1020, 1110, 1979, 8015, 94.0, 1, 2677248.503, 1236929.001, '2021-03-15', '2001-11-29', '2026-03-29T17:42:26.619084+00:00', '2026-03-29', '018b7027', '018b7027_0000', 'gwr_api', false),
(420, 'CH678977802836', 2, 'Affoltern am Albis', 'ZH', 'Stigelistrasse', '6', '8910', 'Affoltern am Albis', 1004, 1020, 1110, 1979, 8015, 155.0, 1, 2677280.784, 1236915.731, '2024-03-01', '2001-11-29', '2026-03-29T17:42:26.619084+00:00', '2026-03-29', '018b7027', '018b7027_0000', 'gwr_api', false),
(421, 'CH648928778095', 2, 'Affoltern am Albis', 'ZH', 'Stigelistrasse', '7', '8910', 'Affoltern am Albis', 1004, 1020, 1110, 1979, 8015, 104.0, 1, 2677250.631, 1236938.113, '2025-12-11', '2001-11-29', '2026-03-29T17:42:26.619084+00:00', '2026-03-29', '018b7027', '018b7027_0000', 'gwr_api', false),
(422, 'CH788628897776', 2, 'Affoltern am Albis', 'ZH', 'Im Rebberg', '1', '8910', 'Affoltern am Albis', 1004, 1020, 1110, 1987, 8017, 81.0, 1, 2677317.2, 1237010.447, '2025-12-11', '2001-11-29', '2026-03-29T17:42:26.619084+00:00', '2026-03-29', '018b7027', '018b7027_0000', 'gwr_api', false),
(423, 'CH778977862881', 2, 'Affoltern am Albis', 'ZH', 'Im Rebberg', '3', '8910', 'Affoltern am Albis', 1004, 1020, 1110, 1987, 8017, 81.0, 1, 2677307.086, 1237012.235, '2025-12-11', '2001-11-29', '2026-03-29T17:42:26.619084+00:00', '2026-03-29', '018b7027', '018b7027_0000', 'gwr_api', false),
(424, 'CH367728898923', 2, 'Affoltern am Albis', 'ZH', 'Bernhaustrasse', '3', '8910', 'Affoltern am Albis', 1004, 1020, 1110, NULL, 8015, 130.0, 1, 2677423.533, 1236879.115, '2026-02-19', '2001-11-29', '2026-03-29T17:42:26.619084+00:00', '2026-03-29', '018b7027', '018b7027_0000', 'gwr_api', false),
(425, 'CH478977892877', 2, 'Affoltern am Albis', 'ZH', 'Bernhaustrasse', '5', '8910', 'Affoltern am Albis', 1004, 1020, 1110, 1976, 8015, 138.0, 1, 2677447.87, 1236881.791, '2021-03-15', '2001-11-29', '2026-03-29T17:42:26.619084+00:00', '2026-03-29', '018b7027', '018b7027_0000', 'gwr_api', false)
2026-03-29 17:45:27.482 | DEBUG    | src.utils.databricks_client:execute_sql:44 - SQL:
INSERT INTO workspace.dqa_realestate.bronze_gwr_buildings (egid, egrid, ggdenr, ggdename, gdekt, strname, deinr, plz4, plzname, gstat, gkat, gklas, gbauj, gbaup, garea, ganzwhg, gkode, gkodn, gdat, gdatns, _ingested_at, _ingestion_date, _run_id, _batch_id, _source, _is_full_load) VALUES (426, 'CH488928897797', 2, 'Affoltern am Albis', 'ZH', 'Bernhaustrasse', '7', '8910', 'Affoltern am Albis', 1004, 1020, 1110, 1976, 8015, 90.0, 1, 2677471.323, 1236880.619, '2025-12-11', '2001-11-29', '2026-03-29T17:42:26.619084+00:00', '2026-03-29', '018b7027', '018b7027_0000', 'gwr_api', false),
(427, 'CH578977762882', 2, 'Affoltern am Albis', 'ZH', 'Bernhaustrasse', '9', '8910', 'Affoltern am Albis', 1004, 1020, 1110, NULL, 8015, 96.0, 1, 2677486.728, 1236863.228, '2026-02-12', '2001-11-29', '2026-03-29T17:42:26.619084+00:00', '2026-03-29', '018b7027', '018b7027_0000', 'gwr_api', false),
(428, 'CH927790288959', 2, 'Affoltern am Albis', 'ZH', 'Mühlebergstrasse', '60', '8910', 'Affoltern am Albis', 1004, 1020, 1110, 1977, 8015, 80.0, 1, 2677438.064, 1236922.51, '2025-09-04', '2001-11-29', '2026-03-29T17:42:26.619084+00:00', '2026-03-29', '018b7027', '018b7027_0000', 'gwr_api', false),
(429, 'CH548928778923', 2, 'Affoltern am Albis', 'ZH', 'Mühlebergstrasse', '62', '8910', 'Affoltern am Albis', 1004, 1020, 1110, 1977, 8015, 66.0, 1, 2677444.802, 1236924.309, '2025-09-04', '2001-11-29', '2026-03-29T17:42:26.619084+00:00', '2026-03-29', '018b7027', '018b7027_0000', 'gwr_api', false),
(430, 'CH558928778939', 2, 'Affoltern am Albis', 'ZH', 'Mühlebergstrasse', '64', '8910', 'Affoltern am Albis', 1004, 1020, 1110, 1977, 8015, 72.0, 1, 2677450.966, 1236924.764, '2025-08-25', '2001-11-29', '2026-03-29T17:42:26.619084+00:00', '2026-03-29', '018b7027', '018b7027_0000', 'gwr_api', false),
(431, 'CH567728898952', 2, 'Affoltern am Albis', 'ZH', 'Mühlebergstrasse', '66', '8910', 'Affoltern am Albis', 1004, 1020, 1110, 1977, 8015, 80.0, 1, 2677457.515, 1236925.718, '2025-09-04', '2001-11-29', '2026-03-29T17:42:26.619084+00:00', '2026-03-29', '018b7027', '018b7027_0000', 'gwr_api', false),
(432, 'CH489328897786', 2, 'Affoltern am Albis', 'ZH', 'Mühlebergstrasse', '68', '8910', 'Affoltern am Albis', 1004, 1020, 1121, 1955, 8013, 100.0, 2, 2677445.312, 1236954.281, '2025-12-11', '2001-11-29', '2026-03-29T17:42:26.619084+00:00', '2026-03-29', '018b7027', '018b7027_0000', 'gwr_api', false),
(433, 'CH767728898090', 2, 'Affoltern am Albis', 'ZH', 'Wilgibelweg', '13', '8910', 'Affoltern am Albis', 1007, 1020, 1110, 1981, 8016, NULL, 1, 2677387.0, 1236989.0, '2022-12-20', '2001-11-29', '2026-03-29T17:42:26.619084+00:00', '2026-03-29', '018b7027', '018b7027_0000', 'gwr_api', false),
(434, 'CH607789942801', 2, 'Affoltern am Albis', 'ZH', 'Wilgibelweg', '15', '8910', 'Affoltern am Albis', 1004, 1020, 1110, NULL, 8014, 181.0, 1, 2677465.741, 1237006.936, '2026-01-19', '2001-11-29', '2026-03-29T17:42:26.619084+00:00', '2026-03-29', '018b7027', '018b7027_0000', 'gwr_api', false),
(435, 'CH680728897712', 2, 'Affoltern am Albis', 'ZH', 'Wilgibelweg', '17', '8910', 'Affoltern am Albis', 1004, 1020, 1122, 1976, 8015, 397.0, 3, 2677489.908, 1236983.094, '2021-03-15', '2001-11-29', '2026-03-29T17:42:26.619084+00:00', '2026-03-29', '018b7027', '018b7027_0000', 'gwr_api', false),
(438, 'CH627707288935', 2, 'Affoltern am Albis', 'ZH', 'Wilgibelweg', '20', '8910', 'Affoltern am Albis', 1004, 1020, 1110, 1977, 8015, 232.0, 1, 2677485.768, 1236924.572, '2023-05-25', '2001-11-29', '2026-03-29T17:42:26.619084+00:00', '2026-03-29', '018b7027', '018b7027_0000', 'gwr_api', false),
(439, 'CH448928777670', 2, 'Affoltern am Albis', 'ZH', 'Wilgibelweg', '21', '8910', 'Affoltern am Albis', 1004, 1020, 1110, 1957, 8013, 136.0, 1, 2677531.003, 1236958.913, '2025-12-11', '2001-11-29', '2026-03-29T17:42:26.619084+00:00', '2026-03-29', '018b7027', '018b7027_0000', 'gwr_api', false),
(440, 'CH632877890761', 2, 'Affoltern am Albis', 'ZH', 'Wilgibelweg', '22', '8910', 'Affoltern am Albis', 1004, 1020, 1110, 1961, 8014, 133.0, 1, 2677510.158, 1236919.624, '2025-12-10', '2001-11-29', '2026-03-29T17:42:26.619084+00:00', '2026-03-29', '018b7027', '018b7027_0000', 'gwr_api', false),
(441, 'CH848928778126', 2, 'Affoltern am Albis', 'ZH', 'Erlenweg', '35', '8910', 'Affoltern am Albis', 1004, 1020, 1110, 1980, 8015, 84.0, 1, 2677399.797, 1236926.98, '2025-12-11', '2001-11-29', '2026-03-29T17:42:26.619084+00:00', '2026-03-29', '018b7027', '018b7027_0000', 'gwr_api', false),
(442, 'CH207746817729', 2, 'Affoltern am Albis', 'ZH', 'Haselbachstrasse', '1', '8910', 'Affoltern am Albis', 1004, 1020, 1121, NULL, 8011, 96.0, 2, 2677325.742, 1237169.421, '2026-02-20', '2001-11-29', '2026-03-29T17:42:26.619084+00:00', '2026-03-29', '018b7027', '018b7027_0000', 'gwr_api', false),
(443, 'CH267728890148', 2, 'Affoltern am Albis', 'ZH', 'Haselbachstrasse', '3', '8910', 'Affoltern am Albis', 1004, 1030, 1122, 1942, 8012, 188.0, 3, 2677311.396, 1237186.379, '2022-11-09', '2001-11-29', '2026-03-29T17:42:26.619084+00:00', '2026-03-29', '018b7027', '018b7027_0000', 'gwr_api', false),
(444, NULL, 2, 'Affoltern am Albis', 'ZH', 'Mühlebergstrasse', '83', '8910', 'Affoltern am Albis', 1007, 1020, 1110, 1870, 8011, NULL, 1, 2677303.809, 1237231.851, '2019-11-05', '2001-11-29', '2026-03-29T17:42:26.619084+00:00', '2026-03-29', '018b7027', '018b7027_0000', 'gwr_api', false),
(445, 'CH487628897760', 2, 'Affoltern am Albis', 'ZH', 'Im Weinberg', '22', '8910', 'Affoltern am Albis', 1004, 1020, 1110, 1956, 8013, 152.0, 1, 2677404.781, 1237052.931, '2021-03-15', '2001-11-29', '2026-03-29T17:42:26.619084+00:00', '2026-03-29', '018b7027', '018b7027_0000', 'gwr_api', false),
(446, 'CH478977762819', 2, 'Affoltern am Albis', 'ZH', 'Im Weinberg', '23', '8910', 'Affoltern am Albis', 1004, 1020, 1110, 1968, 8014, 138.0, 1, 2677420.531, 1237086.505, '2025-12-11', '2001-11-29', '2026-03-29T17:42:26.619084+00:00', '2026-03-29', '018b7027', '018b7027_0000', 'gwr_api', false),
(447, 'CH559428778901', 2, 'Affoltern am Albis', 'ZH', 'Im Weinberg', '28', '8910', 'Affoltern am Albis', 1004, 1020, 1110, NULL, 8012, 95.0, 1, 2677473.053, 1237051.523, '2026-02-12', '2001-11-29', '2026-03-29T17:42:26.619084+00:00', '2026-03-29', '018b7027', '018b7027_0000', 'gwr_api', false),
(448, 'CH358928778910', 2, 'Affoltern am Albis', 'ZH', 'Im Weinberg', '29', '8910', 'Affoltern am Albis', 1004, 1020, 1110, 1958, 8013, 114.0, 1, 2677407.518, 1237123.309, '2025-12-11', '2001-11-29', '2026-03-29T17:42:26.619084+00:00', '2026-03-29', '018b7027', '018b7027_0000', 'gwr_api', false),
(449, 'CH367728897636', 2, 'Affoltern am Albis', 'ZH', 'Im Weinberg', '21', '8910', 'Affoltern am Albis', 1004, 1020, 1110, 1963, 8014, 98.0, 1, 2677393.662, 1237090.613, '2025-12-11', '2001-11-29', '2026-03-29T17:42:26.619084+00:00', '2026-03-29', '018b7027', '018b7027_0000', 'gwr_api', false),
(450, 'CH427776288964', 2, 'Affoltern am Albis', 'ZH', 'Im Weinberg', '32', '8910', 'Affoltern am Albis', 1004, 1020, 1110, 1969, 8014, 114.0, 1, 2677507.185, 1237053.033, '2025-12-11', '2001-11-29', '2026-03-29T17:42:26.619084+00:00', '2026-03-29', '018b7027', '018b7027_0000', 'gwr_api', false),
(451, 'CH867728899244', 2, 'Affoltern am Albis', 'ZH', 'Im Weinberg', '27', '8910', 'Affoltern am Albis', 1004, 1020, 1110, 1926, 8012, 132.0, 1, 2677432.189, 1237106.009, '2021-03-15', '2001-11-29', '2026-03-29T17:42:26.619084+00:00', '2026-03-29', '018b7027', '018b7027_0000', 'gwr_api', false),
(452, 'CH407789762826', 2, 'Affoltern am Albis', 'ZH', 'Im Weinberg', '26', '8910', 'Affoltern am Albis', 1004, 1030, 1121, 1958, 8013, 111.0, 2, 2677442.102, 1237030.05, '2025-11-27', '2001-11-29', '2026-03-29T17:42:26.619084+00:00', '2026-03-29', '018b7027', '018b7027_0000', 'gwr_api', false),
(453, NULL, 2, 'Affoltern am Albis', 'ZH', 'Im Wil', '5', '8910', 'Affoltern am Albis', 1007, 1030, 1122, 1840, 8011, NULL, 3, 2677998.186, 1236689.179, '2019-11-05', '2001-11-29', '2026-03-29T17:42:26.619084+00:00', '2026-03-29', '018b7027', '018b7027_0000', 'gwr_api', false),
(454, 'CH307789002894', 2, 'Affoltern am Albis', 'ZH', 'Mühlebergstrasse', '112', '8910', 'Affoltern am Albis', 1004, 1020, 1110, 1864, 8011, 100.0, 1, 2677927.991, 1236780.18, '2021-03-15', '2001-11-29', '2026-03-29T17:42:26.619084+00:00', '2026-03-29', '018b7027', '018b7027_0000', 'gwr_api', false),
(455, 'CH378977882817', 2, 'Affoltern am Albis', 'ZH', 'Mühlebergstrasse', '115', '8910', 'Affoltern am Albis', 1004, 1030, 1110, 1830, 8011, 100.0, 1, 2677959.1, 1236838.868, '2025-12-10', '2001-11-29', '2026-03-29T17:42:26.619084+00:00', '2026-03-29', '018b7027', '018b7027_0000', 'gwr_api', false),
(456, 'CH832877898611', 2, 'Affoltern am Albis', 'ZH', 'Mühlebergstrasse', '113', '8910', 'Affoltern am Albis', 1004, 1030, 1121, 1830, 8011, 119.0, 2, 2677951.564, 1236836.676, '2021-03-15', '2001-11-29', '2026-03-29T17:42:26.619084+00:00', '2026-03-29', '018b7027', '018b7027_0000', 'gwr_api', false),
(457, 'CH858028778983', 2, 'Affoltern am Albis', 'ZH', 'Mühlebergstrasse', '71', '8910', 'Affoltern am Albis', 1004, 1020, 1110, 1971, 8015, 99.0, 1, 2677352.454, 1237051.796, '2021-03-15', '2001-11-29', '2026-03-29T17:42:26.619084+00:00', '2026-03-29', '018b7027', '018b7027_0000', 'gwr_api', false),
(458, 'CH988028897773', 2, 'Affoltern am Albis', 'ZH', 'Mühlebergstrasse', '78', '8910', 'Affoltern am Albis', 1004, 1020, 1110, 1963, 8014, 284.0, 1, 2677365.818, 1237113.44, '2021-03-15', '2001-11-29', '2026-03-29T17:42:26.619084+00:00', '2026-03-29', '018b7027', '018b7027_0000', 'gwr_api', false),
(459, 'CH532877898913', 2, 'Affoltern am Albis', 'ZH', 'Im Weinberg', '30', '8910', 'Affoltern am Albis', 1004, 1020, 1110, NULL, 8014, 195.0, 1, 2677506.684, 1237010.677, '2026-02-12', '2001-11-29', '2026-03-29T17:42:26.619084+00:00', '2026-03-29', '018b7027', '018b7027_0000', 'gwr_api', false),
(460, 'CH492877768985', 2, 'Affoltern am Albis', 'ZH', 'Im Weinberg', '24', '8910', 'Affoltern am Albis', 1004, 1020, 1110, 1963, 8014, 118.0, 1, 2677424.673, 1237042.122, '2025-12-11', '2001-11-29', '2026-03-29T17:42:26.619084+00:00', '2026-03-29', '018b7027', '018b7027_0000', 'gwr_api', false),
(461, 'CH907789852823', 2, 'Affoltern am Albis', 'ZH', 'Haselächerstrasse', '13', '8910', 'Affoltern am Albis', 1004, 1020, 1110, 1988, 8017, 78.0, 1, 2677395.389, 1237170.328, '2024-09-19', '2001-11-29', '2026-03-29T17:42:26.619084+00:00', '2026-03-29', '018b7027', '018b7027_0000', 'gwr_api', false),
(462, 'CH927785288907', 2, 'Affoltern am Albis', 'ZH', 'Haselächerstrasse', '12', '8910', 'Affoltern am Albis', 1004, 1020, 1110, 1988, 8017, 78.0, 1, 2677409.522, 1237151.94, '2024-09-19', '2001-11-29', '2026-03-29T17:42:26.619084+00:00', '2026-03-29', '018b7027', '018b7027_0000', 'gwr_api', false),
(463, 'CH918985287767', 2, 'Affoltern am Albis', 'ZH', 'Haselächerstrasse', '11', '8910', 'Affoltern am Albis', 1004, 1020, 1110, 1988, 8017, 78.0, 1, 2677405.611, 1237157.827, '2025-12-10', '2001-11-29', '2026-03-29T17:42:26.619084+00:00', '2026-03-29', '018b7027', '018b7027_0000', 'gwr_api', false),
(464, 'CH858528778945', 2, 'Affoltern am Albis', 'ZH', 'Haselächerstrasse', '18', '8910', 'Affoltern am Albis', 1004, 1020, 1110, 1988, 8017, 78.0, 1, 2677367.743, 1237169.545, '2025-12-11', '2001-11-29', '2026-03-29T17:42:26.619084+00:00', '2026-03-29', '018b7027', '018b7027_0000', 'gwr_api', false),
(465, 'CH848928778522', 2, 'Affoltern am Albis', 'ZH', 'Haselächerstrasse', '19', '8910', 'Affoltern am Albis', 1004, 1020, 1110, 1988, 8017, 79.0, 1, 2677355.422, 1237145.284, '2024-06-21', '2001-11-29', '2026-03-29T17:42:26.619084+00:00', '2026-03-29', '018b7027', '018b7027_0000', 'gwr_api', false),
(466, 'CH832877898512', 2, 'Affoltern am Albis', 'ZH', 'Haselächerstrasse', '20', '8910', 'Affoltern am Albis', 1004, 1020, 1110, 1988, 8017, 78.0, 1, 2677358.815, 1237139.083, '2025-12-11', '2001-11-29', '2026-03-29T17:42:26.619084+00:00', '2026-03-29', '018b7027', '018b7027_0000', 'gwr_api', false),
(467, 'CH978977852816', 2, 'Affoltern am Albis', 'ZH', 'Haselächerstrasse', '15', '8910', 'Affoltern am Albis', 1004, 1020, 1110, 1988, 8017, 79.0, 1, 2677383.476, 1237143.103, '2021-03-15', '2001-11-29', '2026-03-29T17:42:26.619084+00:00', '2026-03-29', '018b7027', '018b7027_0000', 'gwr_api', false),
(468, 'CH992877858982', 2, 'Affoltern am Albis', 'ZH', 'Haselächerstrasse', '14', '8910', 'Affoltern am Albis', 1004, 1020, 1110, 1988, 8017, 78.0, 1, 2677391.471, 1237176.206, '2021-03-15', '2001-11-29', '2026-03-29T17:42:26.619084+00:00', '2026-03-29', '018b7027', '018b7027_0000', 'gwr_api', false),
(469, 'CH988528897735', 2, 'Affoltern am Albis', 'ZH', 'Haselächerstrasse', '16', '8910', 'Affoltern am Albis', 1004, 1020, 1110, 1988, 8017, 78.0, 1, 2677387.401, 1237137.237, '2021-03-15', '2001-11-29', '2026-03-29T17:42:26.619084+00:00', '2026-03-29', '018b7027', '018b7027_0000', 'gwr_api', false),
(470, 'CH867728898551', 2, 'Affoltern am Albis', 'ZH', 'Haselächerstrasse', '17', '8910', 'Affoltern am Albis', 1004, 1020, 1110, 1988, 8017, 79.0, 1, 2677371.657, 1237163.656, '2025-12-11', '2001-11-29', '2026-03-29T17:42:26.619084+00:00', '2026-03-29', '018b7027', '018b7027_0000', 'gwr_api', false),
(471, 'CH332877898882', 2, 'Affoltern am Albis', 'ZH', 'Mühlebergstrasse', '137', '8910', 'Affoltern am Albis', 1004, 1020, 1110, 1946, 8013, 180.0, 1, 2678085.511, 1237283.671, '2023-03-01', '2001-11-29', '2026-03-29T17:42:26.619084+00:00', '2026-03-29', '018b7027', '018b7027_0000', 'gwr_api', false),
(472, 'CH889428897720', 2, 'Affoltern am Albis', 'ZH', 'Sennweidstrasse', '3a.1', '8910', 'Affoltern am Albis', 1004, 1060, 1274, 1957, 8013, 501.0, 0, 2678102.0, 1237682.244, '2021-03-15', '2001-11-29', '2026-03-29T17:42:26.619084+00:00', '2026-03-29', '018b7027', '018b7027_0000', 'gwr_api', false),
(473, NULL, 2, 'Affoltern am Albis', 'ZH', 'Sennweid', NULL, '8910', 'Affoltern am Albis', 1007, 1030, 1110, 1958, 8013, NULL, 1, 2676800.0, 1236800.0, '2019-10-11', '2001-11-29', '2026-03-29T17:42:26.619084+00:00', '2026-03-29', '018b7027', '018b7027_0000', 'gwr_api', false),
(475, 'CH607789902813', 2, 'Affoltern am Albis', 'ZH', 'Eggmoosstrasse', '9.1', '8910', 'Affoltern am Albis', 1004, 1060, 1252, 1957, 8013, 173.0, 0, 2677531.45, 1238279.013, '2021-03-15', '2001-11-29', '2026-03-29T17:42:26.619084+00:00', '2026-03-29', '018b7027', '018b7027_0000', 'gwr_api', false),
(476, 'CH657628778965', 2, 'Affoltern am Albis', 'ZH', 'Eggmoosstrasse', '1', '8910', 'Affoltern am Albis', 1004, 1030, 1110, 1957, 8013, 103.0, 1, 2677222.113, 1238073.783, '2025-12-11', '2001-11-29', '2026-03-29T17:42:26.619084+00:00', '2026-03-29', '018b7027', '018b7027_0000', 'gwr_api', false),
(477, 'CH707789982852', 2, 'Affoltern am Albis', 'ZH', 'Rinderweidweg', '3', '8910', 'Affoltern am Albis', 1004, 1020, 1110, 1933, 8012, 71.0, 1, 2677235.194, 1237549.609, '2025-12-11', '2001-11-29', '2026-03-29T17:42:26.619084+00:00', '2026-03-29', '018b7027', '018b7027_0000', 'gwr_api', false),
(478, 'CH567728899744', 2, 'Affoltern am Albis', 'ZH', 'Sonnenbergstrasse', '30', '8910', 'Affoltern am Albis', 1004, 1030, 1122, 1964, 8014, 402.0, 9, 2677088.338, 1237612.926, '2025-06-24', '2001-11-29', '2026-03-29T17:42:26.619084+00:00', '2026-03-29', '018b7027', '018b7027_0000', 'gwr_api', false)
2026-03-29 17:45:30.279 | DEBUG    | src.utils.databricks_client:execute_sql:44 - SQL:
INSERT INTO workspace.dqa_realestate.bronze_gwr_buildings (egid, egrid, ggdenr, ggdename, gdekt, strname, deinr, plz4, plzname, gstat, gkat, gklas, gbauj, gbaup, garea, ganzwhg, gkode, gkodn, gdat, gdatns, _ingested_at, _ingestion_date, _run_id, _batch_id, _source, _is_full_load) VALUES (480, 'CH592877768951', 2, 'Affoltern am Albis', 'ZH', 'Mühlebergstrasse', '104', '8910', 'Affoltern am Albis', 1004, 1040, 1264, 1991, 8018, 2168.0, 0, 2677774.362, 1236765.979, '2024-10-23', '2001-11-29', '2026-03-29T17:42:26.619084+00:00', '2026-03-29', '018b7027', '018b7027_0000', 'gwr_api', false),
(482, 'CH392877858992', 2, 'Affoltern am Albis', 'ZH', 'Sonnenbergstrasse', '1', '8910', 'Affoltern am Albis', 1004, 1020, 1110, NULL, 8011, 72.0, 1, 2677031.436, 1237237.679, '2026-02-16', '2001-11-29', '2026-03-29T17:42:26.619084+00:00', '2026-03-29', '018b7027', '018b7027_0000', 'gwr_api', false),
(483, 'CH378977852826', 2, 'Affoltern am Albis', 'ZH', 'Sonnenbergstrasse', '2', '8910', 'Affoltern am Albis', 1004, 1020, 1122, 1964, 8014, 276.0, 9, 2677050.908, 1237206.059, '2021-03-15', '2001-11-29', '2026-03-29T17:42:26.619084+00:00', '2026-03-29', '018b7027', '018b7027_0000', 'gwr_api', false),
(484, 'CH632877898580', 2, 'Affoltern am Albis', 'ZH', 'Sonnenbergstrasse', '3a', '8910', 'Affoltern am Albis', 1004, 1020, 1110, 1850, 8011, 51.0, 1, 2677027.904, 1237241.619, '2025-12-11', '2001-11-29', '2026-03-29T17:42:26.619084+00:00', '2026-03-29', '018b7027', '018b7027_0000', 'gwr_api', false),
(485, 'CH158228778973', 2, 'Affoltern am Albis', 'ZH', 'Sonnenbergstrasse', '6', '8910', 'Affoltern am Albis', 1004, 1020, 1122, 1964, 8014, 155.0, 6, 2677074.236, 1237214.69, '2024-11-27', '2001-11-29', '2026-03-29T17:42:26.619084+00:00', '2026-03-29', '018b7027', '018b7027_0000', 'gwr_api', false),
(486, 'CH158228778973', 2, 'Affoltern am Albis', 'ZH', 'Sonnenbergstrasse', '4', '8910', 'Affoltern am Albis', 1004, 1020, 1122, 1964, 8014, 226.0, 6, 2677064.201, 1237233.634, '2024-11-27', '2001-11-29', '2026-03-29T17:42:26.619084+00:00', '2026-03-29', '018b7027', '018b7027_0000', 'gwr_api', false),
(487, 'CH227783288969', 2, 'Affoltern am Albis', 'ZH', 'Sonnenbergstrasse', '5', '8910', 'Affoltern am Albis', 1004, 1030, 1122, NULL, 8014, 312.0, 10, 2677056.707, 1237269.478, '2026-02-10', '2001-11-29', '2026-03-29T17:42:26.619084+00:00', '2026-03-29', '018b7027', '018b7027_0000', 'gwr_api', false),
(488, 'CH859828778982', 2, 'Affoltern am Albis', 'ZH', 'Chüegasse', '1', '8910', 'Affoltern am Albis', 1004, 1020, 1110, 1870, 8011, 93.0, 1, 2677126.413, 1237252.47, '2021-07-29', '2001-11-29', '2026-03-29T17:42:26.619084+00:00', '2026-03-29', '018b7027', '018b7027_0000', 'gwr_api', false),
(489, 'CH967728890005', 2, 'Affoltern am Albis', 'ZH', 'Chüegasse', '3', '8910', 'Affoltern am Albis', 1007, 1020, 1110, 1826, 8011, NULL, 1, 2677132.0, 1237244.0, '2021-07-15', '2001-11-29', '2026-03-29T17:42:26.619084+00:00', '2026-03-29', '018b7027', '018b7027_0000', 'gwr_api', false),
(490, 'CH407789822808', 2, 'Affoltern am Albis', 'ZH', 'Spittelstrasse', '11', '8910', 'Affoltern am Albis', 1004, 1020, 1122, 1984, 8016, 298.0, 6, 2677009.09, 1237378.418, '2021-03-15', '2001-11-29', '2026-03-29T17:42:26.619084+00:00', '2026-03-29', '018b7027', '018b7027_0000', 'gwr_api', false),
(491, 'CH492877828967', 2, 'Affoltern am Albis', 'ZH', 'Spittelstrasse', '13', '8910', 'Affoltern am Albis', 1004, 1020, 1122, 1984, 8016, 153.0, 8, 2676996.45, 1237392.21, '2025-06-06', '2001-11-29', '2026-03-29T17:42:26.619084+00:00', '2026-03-29', '018b7027', '018b7027_0000', 'gwr_api', false),
(492, 'CH492877828967', 2, 'Affoltern am Albis', 'ZH', 'Spittelstrasse', '15', '8910', 'Affoltern am Albis', 1004, 1020, 1122, 1984, 8016, 146.0, 6, 2676990.303, 1237403.246, '2024-09-10', '2001-11-29', '2026-03-29T17:42:26.619084+00:00', '2026-03-29', '018b7027', '018b7027_0000', 'gwr_api', false),
(493, 'CH859528778966', 2, 'Affoltern am Albis', 'ZH', 'Spittelstrasse', '20', '8910', 'Affoltern am Albis', 1004, 1020, 1110, NULL, 8012, 97.0, 1, 2677002.284, 1237453.827, '2026-03-05', '2001-11-29', '2026-03-29T17:42:26.619084+00:00', '2026-03-29', '018b7027', '018b7027_0000', 'gwr_api', false),
(494, 'CH178977952864', 2, 'Affoltern am Albis', 'ZH', 'Spittelstrasse', '27', '8910', 'Affoltern am Albis', 1004, 1020, 1110, 1952, 8013, 78.0, 1, 2676950.476, 1237497.736, '2021-03-15', '2001-11-29', '2026-03-29T17:42:26.619084+00:00', '2026-03-29', '018b7027', '018b7027_0000', 'gwr_api', false),
(495, 'CH867728899541', 2, 'Affoltern am Albis', 'ZH', 'Spitalweg', '13', '8910', 'Affoltern am Albis', 1004, 1020, 1122, NULL, 8011, 91.0, 3, 2677024.563, 1237444.03, '2026-03-05', '2001-11-29', '2026-03-29T17:42:26.619084+00:00', '2026-03-29', '018b7027', '018b7027_0000', 'gwr_api', false),
(498, 'CH874677807713', 2, 'Affoltern am Albis', 'ZH', 'Sonnenbergstrasse', '23', '8910', 'Affoltern am Albis', 1004, 1040, 1264, 1870, 8011, 256.0, 1, 2677075.744, 1237450.365, '2023-05-25', '2001-11-29', '2026-03-29T17:42:26.619084+00:00', '2026-03-29', '018b7027', '018b7027_0000', 'gwr_api', false),
(499, 'CH927701288984', 2, 'Affoltern am Albis', 'ZH', 'Sonnenbergstrasse', '21', '8910', 'Affoltern am Albis', 1004, 1020, 1122, 1953, 8013, 110.0, 3, 2677094.172, 1237392.057, '2021-03-15', '2001-11-29', '2026-03-29T17:42:26.619084+00:00', '2026-03-29', '018b7027', '018b7027_0000', 'gwr_api', false),
(500, NULL, 2, 'Affoltern am Albis', 'ZH', 'Sonnenbergstrasse', '18', '8910', 'Affoltern am Albis', 1007, 1020, 1121, 1908, 8011, NULL, 2, 2677132.402, 1237382.888, '2019-11-05', '2001-11-29', '2026-03-29T17:42:26.619084+00:00', '2026-03-29', '018b7027', '018b7027_0000', 'gwr_api', false)
2026-03-29 17:45:32.544 | INFO     | src.utils.databricks_client:write_dataframe:125 - Geschrieben (append): workspace.dqa_realestate.bronze_gwr_buildings — 468 Zeilen
2026-03-29 17:45:32.544 | DEBUG    | src.utils.databricks_client:execute_sql:44 - SQL:

            SELECT MAX(gdat) AS max_gdat
            FROM workspace.dqa_realestate.bronze_gwr_buildings
            WHERE _run_id = '018b7027'
              AND gdat IS NOT NULL
        
2026-03-29 17:45:34.353 | DEBUG    | src.ingestion.gwr_incremental:_save:121 - Watermark lokal gespeichert: data/watermarks/gwr_watermark.json
2026-03-29 17:45:34.353 | DEBUG    | src.utils.databricks_client:execute_sql:44 - SQL:

            SELECT COUNT(*) AS cnt
            FROM workspace.information_schema.tables
            WHERE table_schema = 'dqa_realestate'
              AND table_name   = 'gwr_watermark'
            
2026-03-29 17:45:36.189 | WARNING  | src.ingestion.gwr_incremental:_persist_to_databricks:153 - Watermark-Persistenz in Databricks fehlgeschlagen: '>' not supported between instances of 'str' and 'int'
2026-03-29 17:45:36.189 | INFO     | src.ingestion.gwr_incremental:update:80 - Watermark aktualisiert: 2000-01-01 → 2026-03-26
2026-03-29 17:45:36.190 | INFO     | src.pipeline.bronze:run_buildings_ingestion:122 - === Bronze Run abgeschlossen | {'run_id': '018b7027', 'since_date': '2000-01-01', 'total_written': 468, 'batch_count': 1, 'elapsed_s': 189.6, 'dry_run': False} ===
2026-03-29 17:45:36.194 | INFO     | src.pipeline.silver_scd2:run_silver_processing:57 - === Silver SCD2 Verarbeitung gestartet ===
2026-03-29 17:45:36.194 | DEBUG    | src.utils.databricks_client:execute_sql:44 - SQL:

        CREATE TABLE IF NOT EXISTS
            workspace.dqa_realestate.silver_gwr_buildings (
            egid            BIGINT      NOT NULL,
            egrid           STRING,
            gdekt           STRING,
            ggdenr          INT,
            ggdename        STRING,
            strname         STRING,
            deinr           STRING,
            plz4            STRING,
            plzname         STRING,
            gstat           INT,
            gkat            INT,
            gklas           INT,
            gbauj           INT,
            gbaum           INT,
            gbaup           INT,
            gabbj           INT,
            garea           DOUBLE,
            gvol            DOUBLE,
            ganzwhg         INT,
            gazzi           INT,
            gkode           DOUBLE,
            gkodn           DOUBLE,
            gschutzr        INT,
            gdatns          STRING,
            gdat            STRING,
            -- SCD2 Felder
            valid_from      TIMESTAMP   NOT NULL,
            valid_to        TIMESTAMP   NOT NULL,
            is_current      BOOLEAN     NOT NULL,
            record_hash     STRING      NOT NULL,
            dqa_deleted     BOOLEAN     NOT NULL,
            _silver_loaded  TIMESTAMP   NOT NULL
        )
        USING DELTA
        COMMENT 'Silver: Historisierte GWR-Gebäudedaten (SCD Type 2)'
        TBLPROPERTIES (
            'delta.autoOptimize.optimizeWrite' = 'true',
            'delta.autoOptimize.autoCompact'   = 'true',
            'delta.enableChangeDataFeed'       = 'true'
        )
    
2026-03-29 17:45:36.948 | DEBUG    | src.pipeline.silver_scd2:_ensure_silver_table:129 - Silver-Tabelle bereit: silver_gwr_buildings
2026-03-29 17:45:36.948 | DEBUG    | src.utils.databricks_client:execute_sql:44 - SQL:

        CREATE OR REPLACE TABLE
            workspace.dqa_realestate._staging_gwr_20260329_174536
        USING DELTA
        AS
        WITH ranked AS (
            SELECT *,
                SHA2(COALESCE(CAST(gstat AS STRING), '') || '|' || COALESCE(CAST(gkat AS STRING), '') || '|' || COALESCE(CAST(gklas AS STRING), '') || '|' || COALESCE(CAST(gbauj AS STRING), '') || '|' || COALESCE(CAST(gbaum AS STRING), '') || '|' || COALESCE(CAST(gbaup AS STRING), '') || '|' || COALESCE(CAST(gabbj AS STRING), '') || '|' || COALESCE(CAST(garea AS STRING), '') || '|' || COALESCE(CAST(gvol AS STRING), '') || '|' || COALESCE(CAST(ganzwhg AS STRING), '') || '|' || COALESCE(CAST(gazzi AS STRING), '') || '|' || COALESCE(CAST(gschutzr AS STRING), '') || '|' || COALESCE(CAST(gdekt AS STRING), '') || '|' || COALESCE(CAST(ggdenr AS STRING), '') || '|' || COALESCE(CAST(ggdename AS STRING), '') || '|' || COALESCE(CAST(strname AS STRING), '') || '|' || COALESCE(CAST(deinr AS STRING), '') || '|' || COALESCE(CAST(plz4 AS STRING), '') || '|' || COALESCE(CAST(plzname AS STRING), '') || '|' || COALESCE(CAST(gkode AS STRING), '') || '|' || COALESCE(CAST(gkodn AS STRING), ''), 256) AS record_hash,
                ROW_NUMBER() OVER (
                    PARTITION BY egid
                    ORDER BY _ingested_at DESC
                ) AS rn
            FROM workspace.dqa_realestate.bronze_gwr_buildings
            WHERE egid IS NOT NULL
              AND _run_id = '018b7027'
        )
        SELECT * EXCEPT (rn)
        FROM ranked
        WHERE rn = 1
    
2026-03-29 17:45:41.251 | DEBUG    | src.pipeline.silver_scd2:_build_staging:168 - Staging erstellt: _staging_gwr_20260329_174536
2026-03-29 17:45:41.252 | DEBUG    | src.utils.databricks_client:execute_sql:44 - SQL:

        UPDATE workspace.dqa_realestate.silver_gwr_buildings AS silver
        SET
            valid_to       = TIMESTAMP '2026-03-29T17:45:36.194514+00:00',
            is_current     = false,
            _silver_loaded = TIMESTAMP '2026-03-29T17:45:36.194514+00:00'
        WHERE silver.is_current = true
          AND silver.dqa_deleted = false
          AND EXISTS (
              SELECT 1
              FROM workspace.dqa_realestate._staging_gwr_20260329_174536 AS stg
              WHERE stg.egid = silver.egid
                AND stg.record_hash != silver.record_hash
          )
    
2026-03-29 17:45:43.483 | DEBUG    | src.utils.databricks_client:execute_sql:44 - SQL:

        INSERT INTO workspace.dqa_realestate.silver_gwr_buildings
        SELECT
            stg.egid,
            stg.egrid,
            stg.gdekt,
            stg.ggdenr,
            stg.ggdename,
            stg.strname,
            stg.deinr,
            stg.plz4,
            stg.plzname,
            stg.gstat,
            stg.gkat,
            stg.gklas,
            stg.gbauj,
            stg.gbaum,
            stg.gbaup,
            stg.gabbj,
            stg.garea,
            stg.gvol,
            stg.ganzwhg,
            stg.gazzi,
            stg.gkode,
            stg.gkodn,
            stg.gschutzr,
            stg.gdatns,
            stg.gdat,
            TIMESTAMP '2026-03-29T17:45:36.194514+00:00'        AS valid_from,
            TIMESTAMP '9999-12-31T23:59:59'     AS valid_to,
            true                         AS is_current,
            stg.record_hash,
            false                        AS dqa_deleted,
            TIMESTAMP '2026-03-29T17:45:36.194514+00:00'        AS _silver_loaded
        FROM workspace.dqa_realestate._staging_gwr_20260329_174536 AS stg
        WHERE
            -- Neues Gebäude: noch nicht in Silver
            NOT EXISTS (
                SELECT 1 FROM workspace.dqa_realestate.silver_gwr_buildings s
                WHERE s.egid = stg.egid AND s.is_current = true
            )
            -- ODER: bestehendes Gebäude mit geändertem Hash (wurde in Phase 1 geschlossen)
            OR EXISTS (
                SELECT 1 FROM workspace.dqa_realestate.silver_gwr_buildings s
                WHERE s.egid = stg.egid
                  AND s.is_current = false
                  AND s.valid_to = TIMESTAMP '2026-03-29T17:45:36.194514+00:00'
            )
    
2026-03-29 17:45:46.582 | DEBUG    | src.utils.databricks_client:execute_sql:44 - SQL:

        UPDATE workspace.dqa_realestate.silver_gwr_buildings AS silver
        SET
            dqa_deleted    = true,
            valid_to       = TIMESTAMP '2026-03-29T17:45:36.194514+00:00',
            is_current     = false,
            _silver_loaded = TIMESTAMP '2026-03-29T17:45:36.194514+00:00'
        WHERE silver.is_current = true
          AND silver.dqa_deleted = false
          AND NOT EXISTS (
              SELECT 1
              FROM workspace.dqa_realestate._staging_gwr_20260329_174536 AS stg
              WHERE stg.egid = silver.egid
          )
    
2026-03-29 17:45:48.875 | DEBUG    | src.utils.databricks_client:execute_sql:44 - SQL:
DROP TABLE IF EXISTS workspace.dqa_realestate._staging_gwr_20260329_174536
2026-03-29 17:45:49.533 | INFO     | src.pipeline.silver_scd2:run_silver_processing:76 - === Silver SCD2 abgeschlossen | {'records_closed': 0, 'records_inserted': 468, 'records_deleted': 0, 'elapsed_s': 13.3} ===
2026-03-29 17:45:49.537 | DEBUG    | src.utils.databricks_client:execute_sql:44 - SQL:
CREATE SCHEMA IF NOT EXISTS workspace.dqa_realestate
2026-03-29 17:45:50.056 | INFO     | src.utils.databricks_client:ensure_schema:67 - Schema sichergestellt: workspace.dqa_realestate
2026-03-29 17:45:50.057 | DEBUG    | src.utils.databricks_client:execute_sql:44 - SQL:

            CREATE OR REPLACE VIEW
                workspace.dqa_realestate.gold_gwr_current
            AS
            
        -- Aktuell gültige Gebäude (Basis für DQA-Checks)
        SELECT
            egid,
            egrid,
            gdekt,
            ggdenr,
            ggdename,
            strname,
            deinr,
            plz4,
            plzname,
            gstat,
            CASE gstat
                WHEN 1 THEN 'Geplant'
                WHEN 2 THEN 'Bewilligt'
                WHEN 3 THEN 'Im Bau'
                WHEN 4 THEN 'Bestehend'
                WHEN 6 THEN 'Nicht nutzbar'
                WHEN 7 THEN 'Abgebrochen'
                WHEN 8 THEN 'Nicht realisiert'
                ELSE    'Unbekannt'
            END                         AS gstat_label,
            gkat,
            gklas,
            gbauj,
            gbaup,
            gabbj,
            garea,
            gvol,
            ganzwhg,
            gazzi,
            gkode,
            gkodn,
            gschutzr,
            gdatns,
            gdat                        AS last_mutation_date,
            valid_from,
            record_hash,
            _silver_loaded
        FROM workspace.dqa_realestate.silver_gwr_buildings
        WHERE is_current = true
          AND dqa_deleted = false
    
        
2026-03-29 17:45:50.958 | INFO     | src.pipeline.gold:run_gold_views:137 - Gold-View erstellt/aktualisiert: gold_gwr_current
2026-03-29 17:45:50.958 | DEBUG    | src.utils.databricks_client:execute_sql:44 - SQL:

            CREATE OR REPLACE VIEW
                workspace.dqa_realestate.gold_gwr_history
            AS
            
        -- Alle historischen Versionen eines Gebäudes
        SELECT
            egid,
            egrid,
            gdekt,
            ggdenr,
            ggdename,
            strname,
            deinr,
            plz4,
            plzname,
            gstat,
            gkat,
            gklas,
            gbauj,
            gabbj,
            garea,
            gvol,
            ganzwhg,
            valid_from,
            valid_to,
            is_current,
            dqa_deleted,
            record_hash,
            DATEDIFF(
                COALESCE(valid_to, CURRENT_TIMESTAMP),
                valid_from
            )                           AS days_valid
        FROM workspace.dqa_realestate.silver_gwr_buildings
        ORDER BY egid, valid_from
    
        
2026-03-29 17:45:51.733 | INFO     | src.pipeline.gold:run_gold_views:137 - Gold-View erstellt/aktualisiert: gold_gwr_history
2026-03-29 17:45:51.733 | DEBUG    | src.utils.databricks_client:execute_sql:44 - SQL:

            CREATE OR REPLACE VIEW
                workspace.dqa_realestate.gold_gwr_changes
            AS
            
        -- Gebäude die mindestens einmal mutiert wurden (> 1 Version in Silver)
        SELECT
            egid,
            COUNT(*)            AS version_count,
            MIN(valid_from)     AS first_seen,
            MAX(valid_from)     AS last_change,
            MAX(gstat)          AS latest_gstat,
            MIN(gstat)          AS initial_gstat,
            COLLECT_LIST(gstat) AS gstat_history
        FROM workspace.dqa_realestate.silver_gwr_buildings
        GROUP BY egid
        HAVING COUNT(*) > 1
        ORDER BY version_count DESC
    
        
2026-03-29 17:45:52.522 | INFO     | src.pipeline.gold:run_gold_views:137 - Gold-View erstellt/aktualisiert: gold_gwr_changes
2026-03-29 17:45:52.522 | INFO     | src.pipeline.gold:run_gold_views:139 - === Alle Gold-Views bereit ===
2026-03-29 17:53:04.440 | INFO     | src.utils.databricks_client:__init__:28 - Databricks-Client initialisiert: https://dbc-440507f2-1163.cloud.databricks.com/ | workspace.dqa_realestate
2026-03-29 17:53:04.440 | DEBUG    | src.utils.databricks_client:execute_sql:44 - SQL:

        SELECT
            COUNT(*)                        AS total_buildings,
            COUNT(DISTINCT gdekt)           AS kantone,
            COUNT(DISTINCT ggdenr)          AS gemeinden,
            SUM(CASE WHEN gstat = 4 THEN 1 ELSE 0 END) AS bestehende,
            SUM(CASE WHEN gstat = 3 THEN 1 ELSE 0 END) AS im_bau,
            SUM(CASE WHEN gstat = 1 THEN 1 ELSE 0 END) AS geplant,
            MIN(gdat)                       AS oldest_mutation,
            MAX(gdat)                       AS latest_mutation
        FROM workspace.dqa_realestate.gold_gwr_current
    
2026-03-29 17:53:05.131 | DEBUG    | src.utils.databricks_client:get_warehouse_id:40 - SQL Warehouse: f9476e8729ec9452
2026-03-29 17:53:43.845 | INFO     | src.utils.databricks_client:__init__:28 - Databricks-Client initialisiert: https://dbc-440507f2-1163.cloud.databricks.com/ | workspace.dqa_realestate
2026-03-29 17:53:43.845 | DEBUG    | src.utils.databricks_client:execute_sql:44 - SQL:

        SELECT
            COUNT(*)                        AS total_buildings,
            COUNT(DISTINCT gdekt)           AS kantone,
            COUNT(DISTINCT ggdenr)          AS gemeinden,
            SUM(CASE WHEN gstat = 4 THEN 1 ELSE 0 END) AS bestehende,
            SUM(CASE WHEN gstat = 3 THEN 1 ELSE 0 END) AS im_bau,
            SUM(CASE WHEN gstat = 1 THEN 1 ELSE 0 END) AS geplant,
            MIN(last_mutation_date)                       AS oldest_mutation,
            MAX(last_mutation_date)                       AS latest_mutation
        FROM workspace.dqa_realestate.gold_gwr_current
    
2026-03-29 17:53:44.312 | DEBUG    | src.utils.databricks_client:get_warehouse_id:40 - SQL Warehouse: f9476e8729ec9452
2026-03-29 17:54:22.943 | INFO     | src.utils.databricks_client:__init__:28 - Databricks-Client initialisiert: https://dbc-440507f2-1163.cloud.databricks.com/ | workspace.dqa_realestate
2026-03-29 17:54:22.944 | DEBUG    | src.utils.databricks_client:execute_sql:44 - SQL:
CREATE SCHEMA IF NOT EXISTS workspace.dqa_realestate
2026-03-29 17:54:23.443 | DEBUG    | src.utils.databricks_client:get_warehouse_id:40 - SQL Warehouse: f9476e8729ec9452
2026-03-29 17:54:24.006 | INFO     | src.utils.databricks_client:ensure_schema:67 - Schema sichergestellt: workspace.dqa_realestate
2026-03-29 17:54:24.007 | DEBUG    | src.utils.databricks_client:execute_sql:44 - SQL:

            CREATE OR REPLACE VIEW
                workspace.dqa_realestate.gold_gwr_current
            AS
            
        -- Aktuell gültige Gebäude (Basis für DQA-Checks)
        SELECT
            egid,
            egrid,
            gdekt,
            ggdenr,
            ggdename,
            strname,
            deinr,
            plz4,
            plzname,
            gstat,
            CASE gstat
                WHEN 1 THEN 'Geplant'
                WHEN 2 THEN 'Bewilligt'
                WHEN 3 THEN 'Im Bau'
                WHEN 4 THEN 'Bestehend'
                WHEN 6 THEN 'Nicht nutzbar'
                WHEN 7 THEN 'Abgebrochen'
                WHEN 8 THEN 'Nicht realisiert'
                ELSE    'Unbekannt'
            END                         AS gstat_label,
            gkat,
            gklas,
            gbauj,
            gbaup,
            gabbj,
            garea,
            gvol,
            ganzwhg,
            gazzi,
            gkode,
            gkodn,
            gschutzr,
            gdatns,
            gdat                        AS last_mutation_date,
            valid_from,
            record_hash,
            _silver_loaded
        FROM workspace.dqa_realestate.silver_gwr_buildings
        WHERE is_current = true
          AND dqa_deleted = false
    
        
2026-03-29 17:54:24.958 | INFO     | src.pipeline.gold:run_gold_views:137 - Gold-View erstellt/aktualisiert: gold_gwr_current
2026-03-29 17:54:24.958 | DEBUG    | src.utils.databricks_client:execute_sql:44 - SQL:

            CREATE OR REPLACE VIEW
                workspace.dqa_realestate.gold_gwr_history
            AS
            
        -- Alle historischen Versionen eines Gebäudes
        SELECT
            egid,
            egrid,
            gdekt,
            ggdenr,
            ggdename,
            strname,
            deinr,
            plz4,
            plzname,
            gstat,
            gkat,
            gklas,
            gbauj,
            gabbj,
            garea,
            gvol,
            ganzwhg,
            valid_from,
            valid_to,
            is_current,
            dqa_deleted,
            record_hash,
            DATEDIFF(
                COALESCE(valid_to, CURRENT_TIMESTAMP),
                valid_from
            )                           AS days_valid
        FROM workspace.dqa_realestate.silver_gwr_buildings
        ORDER BY egid, valid_from
    
        
2026-03-29 17:54:26.013 | INFO     | src.pipeline.gold:run_gold_views:137 - Gold-View erstellt/aktualisiert: gold_gwr_history
2026-03-29 17:54:26.014 | DEBUG    | src.utils.databricks_client:execute_sql:44 - SQL:

            CREATE OR REPLACE VIEW
                workspace.dqa_realestate.gold_gwr_changes
            AS
            
        -- Gebäude die mindestens einmal mutiert wurden (> 1 Version in Silver)
        SELECT
            egid,
            COUNT(*)            AS version_count,
            MIN(valid_from)     AS first_seen,
            MAX(valid_from)     AS last_change,
            MAX(gstat)          AS latest_gstat,
            MIN(gstat)          AS initial_gstat,
            COLLECT_LIST(gstat) AS gstat_history
        FROM workspace.dqa_realestate.silver_gwr_buildings
        GROUP BY egid
        HAVING COUNT(*) > 1
        ORDER BY version_count DESC
    
        
2026-03-29 17:54:26.998 | INFO     | src.pipeline.gold:run_gold_views:137 - Gold-View erstellt/aktualisiert: gold_gwr_changes
2026-03-29 17:54:26.998 | INFO     | src.pipeline.gold:run_gold_views:139 - === Alle Gold-Views bereit ===
2026-03-29 17:54:26.998 | DEBUG    | src.utils.databricks_client:execute_sql:44 - SQL:

        SELECT
            COUNT(*)                        AS total_buildings,
            COUNT(DISTINCT gdekt)           AS kantone,
            COUNT(DISTINCT ggdenr)          AS gemeinden,
            SUM(CASE WHEN gstat = 1004 THEN 1 ELSE 0 END) AS bestehende,
            SUM(CASE WHEN gstat = 1003 THEN 1 ELSE 0 END) AS im_bau,
            SUM(CASE WHEN gstat = 1001 THEN 1 ELSE 0 END) AS geplant,
            MIN(last_mutation_date)                       AS oldest_mutation,
            MAX(last_mutation_date)                       AS latest_mutation
        FROM workspace.dqa_realestate.gold_gwr_current
    
2026-03-29 17:54:31.232 | INFO     | src.utils.databricks_client:__init__:28 - Databricks-Client initialisiert: https://dbc-440507f2-1163.cloud.databricks.com/ | workspace.dqa_realestate
2026-03-29 17:54:31.233 | DEBUG    | src.utils.databricks_client:execute_sql:44 - SQL:

        SELECT
            COUNT(*)                        AS total_buildings,
            COUNT(DISTINCT gdekt)           AS kantone,
            COUNT(DISTINCT ggdenr)          AS gemeinden,
            SUM(CASE WHEN gstat = 1004 THEN 1 ELSE 0 END) AS bestehende,
            SUM(CASE WHEN gstat = 1003 THEN 1 ELSE 0 END) AS im_bau,
            SUM(CASE WHEN gstat = 1001 THEN 1 ELSE 0 END) AS geplant,
            MIN(last_mutation_date)                       AS oldest_mutation,
            MAX(last_mutation_date)                       AS latest_mutation
        FROM workspace.dqa_realestate.gold_gwr_current
    
2026-03-29 17:54:31.692 | DEBUG    | src.utils.databricks_client:get_warehouse_id:40 - SQL Warehouse: f9476e8729ec9452
